{"type": "FeatureCollection", "features": [{"type": "Feature", "properties": {"name": "India", "type": "National Boundary"}, "geometry": {"type": "MultiPolygon", "coordinates": [[[[68.6035, 23.2257], [68.6118, 23.2276], [68.6129, 23.2213], [68.6035, 23.2257]]], [[[68.5954, 23.2607], [68.5976, 23.2601], [68.5946, 23.2596], [68.5954, 23.2607]]], [[[68.6149, 23.2715], [68.5724, 23.261], [68.574, 23.2451], [68.541, 23.2851], [68.5679, 23.2812], [68.5582, 23.3138], [68.6149, 23.2715]]], [[[68.6279, 23.2865], [68.6293, 23.289], [68.629, 23.2854], [68.6279, 23.2865]]], [[[68.6093, 23.3168], [68.5985, 23.3021], [68.5885, 23.319], [68.6093, 23.3168]]], [[[68.6462, 23.3074], [68.6332, 23.3079], [68.6343, 23.3138], [68.6462, 23.3074]]], [[[68.6304, 23.3132], [68.634, 23.314], [68.6312, 23.3121], [68.6304, 23.3132]]], [[[68.6299, 23.3157], [68.6279, 23.3115], [68.6257, 23.3121], [68.6299, 23.3157]]], [[[68.6318, 23.3201], [68.6324, 23.3188], [68.6312, 23.3196], [68.6318, 23.3201]]], [[[68.6251, 23.3243], [68.629, 23.3237], [68.629, 23.3215], [68.6251, 23.3243]]], [[[68.5276, 23.3371], [68.5376, 23.3185], [68.5024, 23.3237], [68.5276, 23.3371]]], [[[68.5446, 23.3385], [68.5415, 23.3371], [68.5404, 23.3393], [68.5446, 23.3385]]], [[[68.5454, 23.3404], [68.5507, 23.3393], [68.5451, 23.3388], [68.5454, 23.3404]]], [[[68.5554, 23.339], [68.5532, 23.3399], [68.5537, 23.3418], [68.5554, 23.339]]], [[[68.5318, 23.3424], [68.5321, 23.3393], [68.5212, 23.3426], [68.5318, 23.3424]]], [[[68.561, 23.3429], [68.5651, 23.3426], [68.5612, 23.3418], [68.561, 23.3429]]], [[[68.6326, 23.3479], [68.6343, 23.3424], [68.6285, 23.3487], [68.6326, 23.3479]]], [[[68.5679, 23.3721], [68.5951, 23.3587], [68.6179, 23.354], [68.6174, 23.3276], [68.5679, 23.3721]]], [[[68.471, 23.356], [68.4765, 23.3554], [68.4762, 23.3535], [68.471, 23.356]]], [[[68.5746, 23.359], [68.5757, 23.3524], [68.5696, 23.3587], [68.5746, 23.359]]], [[[68.5996, 23.3596], [68.596, 23.3596], [68.5963, 23.3607], [68.5996, 23.3596]]], [[[68.5393, 23.3749], [68.5379, 23.3751], [68.539, 23.3771], [68.5393, 23.3749]]], [[[68.5321, 23.3846], [68.5343, 23.3713], [68.5304, 23.3832], [68.5321, 23.3846]]], [[[68.5029, 23.381], [68.5051, 23.3774], [68.5026, 23.3785], [68.5029, 23.381]]], [[[68.5863, 23.3801], [68.5871, 23.376], [68.5779, 23.384], [68.5863, 23.3801]]], [[[68.5354, 23.3807], [68.5365, 23.3824], [68.5429, 23.3801], [68.5354, 23.3807]]], [[[68.5563, 23.379], [68.5557, 23.3604], [68.5507, 23.4024], [68.5563, 23.379]]], [[[68.5051, 23.3813], [68.5043, 23.381], [68.5038, 23.3843], [68.5051, 23.3813]]], [[[68.5204, 23.394], [68.5274, 23.399], [68.5274, 23.3862], [68.5204, 23.394]]], [[[68.5565, 23.4037], [68.5568, 23.4026], [68.5529, 23.4021], [68.5565, 23.4037]]], [[[68.4224, 23.4051], [68.4235, 23.4007], [68.4132, 23.4037], [68.4224, 23.4051]]], [[[68.4621, 23.4024], [68.4629, 23.4037], [68.469, 23.4035], [68.4621, 23.4024]]], [[[68.4713, 23.4043], [68.476, 23.4029], [68.4699, 23.4046], [68.4713, 23.4043]]], [[[68.4324, 23.4057], [68.4324, 23.4049], [68.4296, 23.406], [68.4324, 23.4057]]], [[[68.4615, 23.4062], [68.4632, 23.4068], [68.4646, 23.4051], [68.4615, 23.4062]]], [[[68.5554, 23.4051], [68.5512, 23.4043], [68.5574, 23.4093], [68.5554, 23.4051]]], [[[68.4099, 23.4079], [68.4099, 23.4057], [68.409, 23.4062], [68.4099, 23.4079]]], [[[68.5499, 23.4149], [68.5479, 23.4104], [68.5415, 23.4054], [68.5499, 23.4149]]], [[[68.4629, 23.411], [68.4579, 23.4112], [68.4579, 23.4121], [68.4629, 23.411]]], [[[68.4026, 23.4185], [68.4018, 23.416], [68.3985, 23.419], [68.4026, 23.4185]]], [[[68.4013, 23.4229], [68.4026, 23.4207], [68.4018, 23.4204], [68.4013, 23.4229]]], [[[68.4013, 23.4232], [68.3982, 23.4218], [68.3985, 23.4271], [68.4013, 23.4232]]], [[[68.5013, 23.4301], [68.5004, 23.4301], [68.5004, 23.4312], [68.5013, 23.4301]]], [[[68.514, 23.4326], [68.5163, 23.4299], [68.5137, 23.4304], [68.514, 23.4326]]], [[[68.501, 23.4354], [68.4968, 23.4346], [68.4987, 23.4363], [68.501, 23.4354]]], [[[68.5021, 23.4432], [68.5007, 23.439], [68.4993, 23.4424], [68.5021, 23.4432]]], [[[68.4121, 23.4435], [68.4729, 23.4804], [68.4949, 23.456], [68.4846, 23.4032], [68.4582, 23.4179], [68.4746, 23.4599], [68.4212, 23.4201], [68.4121, 23.4435]]], [[[68.5251, 23.4432], [68.5029, 23.4293], [68.5068, 23.4565], [68.5251, 23.4432]]], [[[68.5024, 23.4496], [68.4968, 23.444], [68.496, 23.4485], [68.5024, 23.4496]]], [[[68.4062, 23.4524], [68.4013, 23.4538], [68.4013, 23.4551], [68.4062, 23.4524]]], [[[68.4951, 23.474], [68.5024, 23.4582], [68.5001, 23.4551], [68.4951, 23.474]]], [[[68.496, 23.4774], [68.4821, 23.4779], [68.4871, 23.4857], [68.496, 23.4774]]], [[[68.4713, 23.4804], [68.4596, 23.4796], [68.4587, 23.4874], [68.4713, 23.4804]]], [[[68.4729, 23.494], [68.4868, 23.486], [68.4796, 23.4779], [68.4729, 23.494]]], [[[68.4896, 23.4937], [68.4876, 23.4865], [68.486, 23.489], [68.4896, 23.4937]]], [[[68.5074, 23.4924], [68.509, 23.4904], [68.5068, 23.4904], [68.5074, 23.4924]]], [[[68.5093, 23.4921], [68.5115, 23.4924], [68.5113, 23.4907], [68.5093, 23.4921]]], [[[68.4393, 23.4996], [68.4396, 23.4988], [68.4374, 23.499], [68.4393, 23.4996]]], [[[68.4704, 23.5188], [68.4643, 23.5154], [68.4632, 23.5188], [68.4704, 23.5188]]], [[[68.4688, 23.5246], [68.4746, 23.5221], [68.4715, 23.5207], [68.4688, 23.5246]]], [[[68.4765, 23.5329], [68.4749, 23.5304], [68.4721, 23.531], [68.4765, 23.5329]]], [[[68.4762, 23.5393], [68.4574, 23.5426], [68.4793, 23.5554], [68.4762, 23.5393]]], [[[68.4815, 23.5482], [68.4832, 23.5493], [68.4826, 23.5471], [68.4815, 23.5482]]], [[[68.4796, 23.5899], [68.4304, 23.5077], [68.4354, 23.5571], [68.4796, 23.5899]]], [[[68.4676, 23.5918], [68.4512, 23.5732], [68.4443, 23.5782], [68.4676, 23.5918]]], [[[68.224, 23.584], [68.2274, 23.5854], [68.2282, 23.5843], [68.224, 23.584]]], [[[68.2535, 23.5821], [68.2449, 23.5871], [68.246, 23.589], [68.2535, 23.5821]]], [[[68.2176, 23.5871], [68.2171, 23.5863], [68.2151, 23.5871], [68.2176, 23.5871]]], [[[68.479, 23.604], [68.4865, 23.6032], [68.4801, 23.5982], [68.479, 23.604]]], [[[68.4404, 23.5865], [68.4346, 23.6162], [68.4563, 23.6249], [68.4665, 23.601], [68.4404, 23.5865]]], [[[68.4788, 23.6065], [68.4682, 23.5926], [68.4846, 23.6279], [68.491, 23.6043], [68.4788, 23.6065]]], [[[68.3896, 23.686], [68.3149, 23.5832], [68.2743, 23.5918], [68.2779, 23.6313], [68.3068, 23.6307], [68.2771, 23.6326], [68.2501, 23.5907], [68.1971, 23.5971], [68.2046, 23.6476], [68.2101, 23.6404], [68.2601, 23.6399], [68.3118, 23.6501], [68.2312, 23.6429], [68.334, 23.711], [68.3585, 23.8051], [68.3979, 23.7849], [68.4262, 23.7949], [68.3993, 23.751], [68.4174, 23.7604], [68.4185, 23.7243], [68.3754, 23.6432], [68.3896, 23.686]]], [[[68.4821, 23.7199], [68.4726, 23.7146], [68.4735, 23.721], [68.4821, 23.7199]]], [[[68.4851, 23.7324], [68.4876, 23.729], [68.4593, 23.7249], [68.4851, 23.7324]]], [[[68.4501, 23.7304], [68.4474, 23.7318], [68.4476, 23.7326], [68.4501, 23.7304]]], [[[68.4835, 23.7424], [68.4849, 23.7376], [68.4818, 23.7362], [68.4835, 23.7424]]], [[[68.2676, 23.7724], [68.2982, 23.8037], [68.2901, 23.8168], [68.3079, 23.8237], [68.3243, 23.7343], [68.2913, 23.7276], [68.2857, 23.7546], [68.274, 23.7013], [68.2676, 23.7724]]], [[[68.224, 23.764], [68.2149, 23.7582], [68.2165, 23.7793], [68.224, 23.764]]], [[[68.3418, 23.7893], [68.3468, 23.7801], [68.3404, 23.7771], [68.3418, 23.7893]]], [[[68.4479, 23.8065], [68.5199, 23.8179], [68.4985, 23.7946], [68.5168, 23.7546], [68.4876, 23.7371], [68.4654, 23.7754], [68.4768, 23.7407], [68.4374, 23.7393], [68.4479, 23.8065]]], [[[68.6018, 23.7962], [68.5951, 23.7968], [68.5935, 23.8035], [68.6018, 23.7962]]], [[[68.5935, 23.8121], [68.5954, 23.8101], [68.5943, 23.8101], [68.5935, 23.8121]]], [[[68.3301, 23.7874], [68.3779, 23.8743], [68.4393, 23.839], [68.4054, 23.7932], [68.3796, 23.8382], [68.4015, 23.7904], [68.3551, 23.811], [68.3301, 23.7874]]], [[[68.2379, 23.6812], [68.1926, 23.731], [68.2118, 23.7635], [68.2138, 23.7554], [68.2196, 23.7549], [68.2343, 23.7749], [68.2129, 23.8346], [68.2874, 23.8393], [68.2487, 23.8538], [68.3176, 23.8793], [68.259, 23.8751], [68.2771, 23.9149], [68.3346, 23.9176], [68.3599, 23.9776], [68.396, 23.9654], [68.4301, 23.9954], [68.4129, 23.9274], [68.3449, 23.9013], [68.3376, 23.8193], [68.3037, 23.8246], [68.2887, 23.8174], [68.2957, 23.8043], [68.2657, 23.7929], [68.2668, 23.6918], [68.2379, 23.6812]]], [[[68.234, 23.8429], [68.216, 23.8668], [68.2482, 23.8804], [68.234, 23.8429]]], [[[68.5349, 23.8649], [68.524, 23.8585], [68.5304, 23.871], [68.5349, 23.8649]]], [[[68.3499, 23.8463], [68.3529, 23.9007], [68.4493, 23.9385], [68.4421, 23.8704], [68.4224, 23.8949], [68.4171, 23.8724], [68.3774, 23.8765], [68.3499, 23.8463]]], [[[68.5257, 23.8926], [68.5424, 23.9338], [68.5585, 23.9232], [68.5888, 23.9168], [68.5468, 23.8729], [68.5326, 23.8763], [68.5171, 23.8565], [68.486, 23.8899], [68.5257, 23.8926]]], [[[68.4488, 23.9401], [68.4476, 23.9807], [68.4821, 23.9926], [68.5185, 23.9243], [68.4435, 23.8485], [68.4629, 23.9321], [68.4488, 23.9401]]], [[[68.5229, 23.9454], [68.5146, 23.9493], [68.5146, 23.9496], [68.5229, 23.9454]]], [[[72.2838, 10.0435], [72.2868, 10.0407], [72.2818, 10.0379], [72.2838, 10.0435]]], [[[72.3307, 10.1307], [72.3318, 10.1249], [72.326, 10.1268], [72.3307, 10.1307]]], [[[72.1693, 10.8124], [72.1651, 10.8121], [72.166, 10.8138], [72.1693, 10.8124]]], [[[72.171, 10.8182], [72.1724, 10.8179], [72.171, 10.8174], [72.171, 10.8182]]], [[[72.1943, 10.8707], [72.2038, 10.8687], [72.1726, 10.8199], [72.1943, 10.8707]]], [[[72.291, 10.9363], [72.2843, 10.9354], [72.2857, 10.9449], [72.291, 10.9363]]], [[[72.3176, 10.9438], [72.3135, 10.9432], [72.3149, 10.9485], [72.3176, 10.9438]]], [[[72.3343, 10.956], [72.3318, 10.9551], [72.3321, 10.9585], [72.3343, 10.956]]], [[[72.106, 11.2099], [72.1038, 11.2082], [72.104, 11.2113], [72.106, 11.2099]]], [[[72.1043, 11.2126], [72.1001, 11.2143], [72.1004, 11.2151], [72.1043, 11.2126]]], [[[72.1849, 11.5974], [72.189, 11.5988], [72.189, 11.596], [72.1849, 11.5974]]], [[[70.8436, 20.7604], [70.8403, 20.7285], [70.874, 20.7049], [70.8382, 20.6901], [70.674, 20.7582], [70.6755, 20.7842], [70.6663, 20.7524], [70.439, 20.8526], [70.0996, 21.1046], [69.7782, 21.4579], [69.8051, 21.4638], [69.7751, 21.4599], [69.7129, 21.5285], [69.7643, 21.5788], [69.7376, 21.6504], [69.6757, 21.6388], [69.7174, 21.6026], [69.6968, 21.5929], [69.6326, 21.6429], [69.686, 21.5957], [69.7235, 21.5724], [69.7107, 21.5393], [69.6021, 21.6374], [69.5876, 21.621], [69.0551, 22.1285], [68.9574, 22.2377], [68.936, 22.3101], [68.9846, 22.4143], [69.0674, 22.4801], [69.0437, 22.4326], [69.0693, 22.3957], [69.194, 22.4237], [69.1579, 22.3129], [69.2326, 22.2579], [69.3199, 22.2912], [69.3343, 22.3304], [69.4885, 22.3379], [69.5238, 22.3857], [69.4982, 22.4357], [69.5507, 22.4049], [69.5618, 22.3557], [69.5912, 22.361], [69.5718, 22.3343], [69.5757, 22.319], [69.6993, 22.396], [69.6718, 22.4507], [69.7282, 22.4738], [69.7976, 22.3999], [69.829, 22.4449], [69.7971, 22.4571], [69.8326, 22.451], [69.8343, 22.5007], [69.8363, 22.454], [69.8701, 22.4465], [69.914, 22.4562], [69.9349, 22.5126], [69.9574, 22.4954], [69.946, 22.5285], [69.9762, 22.5432], [70.1629, 22.5515], [70.2429, 22.6626], [70.2532, 22.6929], [70.2385, 22.7018], [70.2551, 22.7065], [70.2529, 22.7335], [70.3032, 22.7576], [70.3537, 22.8707], [70.4235, 22.9326], [70.4715, 23.0124], [70.4935, 23.0751], [70.4379, 23.0626], [70.4013, 23.0307], [70.3868, 22.9482], [70.3476, 22.9304], [70.1979, 22.9985], [70.2199, 22.9565], [70.1232, 22.9607], [70.1532, 23.0296], [70.1124, 22.9726], [70.1265, 22.9465], [70.091, 22.9526], [70.1321, 22.9246], [69.7985, 22.8507], [69.7051, 22.7279], [69.6338, 22.7954], [69.6346, 22.7774], [69.6413, 22.7665], [69.601, 22.759], [69.5551, 22.7924], [69.4696, 22.7737], [69.3557, 22.8288], [69.1907, 22.8412], [68.5915, 23.214], [68.599, 23.2404], [68.6012, 23.2185], [68.6307, 23.2132], [68.6038, 23.2429], [68.6718, 23.2701], [68.6301, 23.2957], [68.7251, 23.2957], [68.7582, 23.3304], [68.724, 23.2971], [68.7085, 23.3149], [68.6588, 23.3035], [68.6687, 23.3254], [68.6501, 23.3043], [68.6368, 23.3468], [68.606, 23.381], [68.6024, 23.3593], [68.581, 23.3899], [68.5585, 23.3871], [68.5604, 23.4193], [68.5357, 23.4212], [68.5163, 23.4751], [68.5232, 23.4465], [68.5024, 23.4654], [68.5188, 23.4896], [68.4918, 23.501], [68.4968, 23.6529], [68.5232, 23.6513], [68.5379, 23.661], [68.5249, 23.6907], [68.7613, 23.8749], [68.6038, 23.8501], [68.5251, 23.759], [68.5374, 23.8151], [68.5151, 23.8249], [68.6632, 23.9174], [68.6199, 23.9065], [68.596, 23.9418], [68.5587, 23.924], [68.5374, 23.9468], [68.7492, 23.962], [68.7727, 24.2941], [68.8264, 24.3084], [68.8477, 24.2084], [68.8875, 24.1959], [68.9472, 24.2766], [69.0005, 24.2259], [69.0929, 24.2691], [69.1998, 24.2352], [69.3103, 24.2767], [69.5012, 24.255], [69.6007, 24.2778], [69.7246, 24.1751], [70.0006, 24.1664], [70.0593, 24.1928], [70.119, 24.2907], [70.5749, 24.4203], [70.6119, 24.4005], [70.5721, 24.3445], [70.5742, 24.2523], [70.6553, 24.2251], [70.8058, 24.2227], [70.8941, 24.2571], [70.8851, 24.2908], [70.9597, 24.3462], [71.0472, 24.3473], [71.1318, 24.4018], [71.1189, 24.431], [71.0076, 24.4422], [71.0205, 24.6305], [71.1067, 24.6804], [70.9455, 24.9345], [70.8943, 25.1441], [70.6742, 25.3893], [70.666, 25.6972], [70.3997, 25.6638], [70.2796, 25.7013], [70.0961, 25.9443], [70.0826, 26.0739], [70.1727, 26.2451], [70.1677, 26.5507], [70.0662, 26.5993], [69.8154, 26.5922], [69.5154, 26.7401], [69.4837, 26.8062], [69.5132, 27.0169], [69.5867, 27.178], [70.0163, 27.556], [70.157, 27.834], [70.3662, 28.0082], [70.5626, 28.0198], [70.6721, 27.9143], [70.6784, 27.8391], [70.7577, 27.7172], [70.8842, 27.6984], [71.273, 27.8419], [71.6583, 27.8689], [71.8974, 27.9574], [71.9333, 28.1269], [72.1844, 28.358], [72.302, 28.6648], [72.3847, 28.7639], [72.9417, 29.0272], [73.2713, 29.557], [73.3914, 29.9379], [73.7872, 30.0664], [73.9663, 30.195], [73.9667, 30.1212], [73.9681, 30.1843], [73.9578, 30.2617], [73.8732, 30.3834], [73.9885, 30.5046], [74.0776, 30.5294], [74.091, 30.6128], [74.2818, 30.7302], [74.2622, 30.768], [74.2974, 30.7827], [74.3161, 30.8476], [74.363, 30.8458], [74.3655, 30.8854], [74.5381, 30.9935], [74.5584, 31.0675], [74.6722, 31.0616], [74.6773, 31.1306], [74.5924, 31.1334], [74.5928, 31.0874], [74.5519, 31.0856], [74.5046, 31.1385], [74.5111, 31.2723], [74.6421, 31.46], [74.5662, 31.5008], [74.6009, 31.5678], [74.5173, 31.7229], [74.5991, 31.8851], [74.7033, 31.9249], [74.7092, 31.9579], [74.8091, 31.9551], [74.8623, 32.0451], [74.9143, 32.0652], [75.0049, 32.0288], [75.1163, 32.0828], [75.1645, 32.068], [75.1953, 32.1166], [75.2392, 32.0872], [75.3142, 32.1592], [75.3142, 32.2149], [75.3632, 32.2347], [75.3272, 32.3374], [75.1885, 32.4245], [75.1279, 32.4212], [75.0716, 32.483], [75.0302, 32.4918], [74.9793, 32.4478], [74.8353, 32.4962], [74.6984, 32.4849], [74.6422, 32.611], [74.6762, 32.658], [74.6501, 32.7184], [74.697, 32.8397], [74.642, 32.8229], [74.6142, 32.7577], [74.5315, 32.7407], [74.4661, 32.7814], [74.4139, 32.9039], [74.318, 32.9197], [74.3498, 33.0163], [74.2052, 33.0433], [74.1117, 33.1644], [74.0143, 33.1982], [74.0203, 33.2588], [74.103, 33.2705], [74.1707, 33.3466], [74.1871, 33.4555], [74.0957, 33.5704], [74.0284, 33.5747], [73.9563, 33.7203], [74.0657, 33.8201], [74.2197, 33.8672], [74.2627, 33.9743], [74.2147, 34.0386], [74.1237, 34.0552], [74.0061, 34.0224], [73.8832, 34.0499], [73.9766, 34.2118], [73.9762, 34.2648], [73.8994, 34.3598], [73.8418, 34.3383], [73.7643, 34.3711], [73.777, 34.4163], [73.8987, 34.4958], [73.8953, 34.5467], [73.9481, 34.5731], [73.9273, 34.6459], [73.9602, 34.6967], [74.1418, 34.6912], [74.3073, 34.8003], [74.5802, 34.7701], [74.703, 34.6931], [74.9105, 34.6832], [75.0187, 34.6415], [75.2497, 34.6473], [75.2619, 34.6109], [75.3778, 34.5524], [75.7492, 34.5158], [76.0365, 34.6703], [76.1579, 34.6434], [76.4743, 34.7944], [76.5618, 34.7583], [76.6818, 34.7596], [76.7432, 34.8401], [76.7494, 34.9266], [76.87, 34.9724], [76.9975, 34.9392], [77.0181, 35.0385], [77.0684, 35.0241], [77.1568, 35.0547], [77.8239, 35.5013], [77.8996, 35.4279], [77.9906, 35.4871], [78.1098, 35.4768], [77.9971, 35.3941], [77.9919, 35.3485], [78.0428, 35.2023], [78.1242, 35.1354], [78.0829, 35.0825], [78.248, 34.6951], [78.3984, 34.6486], [78.4251, 34.6035], [78.5693, 34.6119], [78.825, 34.4141], [78.9815, 34.3329], [78.9934, 34.2887], [78.9562, 34.2178], [78.7064, 34.0722], [78.7704, 34.0197], [78.7116, 33.9225], [78.784, 33.7704], [78.711, 33.6549], [78.8233, 33.4835], [79.0666, 33.2959], [79.075, 33.2286], [79.1855, 33.1912], [79.4098, 33.1788], [79.3525, 32.979], [79.4486, 32.8892], [79.4712, 32.8028], [79.5405, 32.7487], [79.5643, 32.6708], [79.5454, 32.6074], [79.448, 32.5861], [79.3122, 32.4871], [79.2584, 32.5234], [79.203, 32.5108], [79.1265, 32.4643], [79.1045, 32.3717], [79.0492, 32.3834], [78.9772, 32.3428], [78.7812, 32.4753], [78.7459, 32.6961], [78.6257, 32.6071], [78.5449, 32.6123], [78.4122, 32.5561], [78.4165, 32.5151], [78.3824, 32.5297], [78.4384, 32.5054], [78.4381, 32.4564], [78.5188, 32.4185], [78.4641, 32.3522], [78.4392, 32.2465], [78.5394, 32.25], [78.5929, 32.2187], [78.5743, 32.1586], [78.5973, 32.122], [78.771, 31.9998], [78.6914, 31.7934], [78.7344, 31.692], [78.7796, 31.6898], [78.8311, 31.6153], [78.7066, 31.5184], [78.7166, 31.4849], [78.7955, 31.4528], [78.7764, 31.4012], [78.8342, 31.3725], [78.829, 31.3302], [78.9115, 31.2448], [78.9231, 31.3254], [78.9916, 31.364], [79.0452, 31.4681], [79.1289, 31.4387], [79.2481, 31.2966], [79.2339, 31.254], [79.2728, 31.2307], [79.2849, 31.1701], [79.3819, 31.1184], [79.4131, 31.0376], [79.5013, 31.0391], [79.5311, 30.9741], [79.5872, 30.9431], [79.7421, 31.0068], [79.8549, 30.9789], [79.915, 30.8922], [80.0441, 30.844], [80.1031, 30.7797], [80.1573, 30.8128], [80.2238, 30.7641], [80.2198, 30.6973], [80.1805, 30.6699], [80.2157, 30.579], [80.4006, 30.5312], [80.5265, 30.4543], [80.5842, 30.4872], [80.8113, 30.32], [81.0196, 30.253], [80.9119, 30.2232], [80.8646, 30.1689], [80.8792, 30.1285], [80.7629, 30.0495], [80.7494, 30.0066], [80.6779, 29.9581], [80.6053, 29.9587], [80.4972, 29.7974], [80.4377, 29.8057], [80.3697, 29.7506], [80.4219, 29.6391], [80.4095, 29.5949], [80.3444, 29.5529], [80.3513, 29.5189], [80.2884, 29.4772], [80.3042, 29.4531], [80.2448, 29.4445], [80.3181, 29.3156], [80.299, 29.205], [80.2499, 29.2206], [80.2734, 29.142], [80.235, 29.1184], [80.186, 29.1373], [80.146, 29.103], [80.1373, 29.0073], [80.0601, 28.9163], [80.0718, 28.8338], [80.2636, 28.7489], [80.3733, 28.629], [80.4528, 28.6288], [80.5193, 28.5517], [80.5052, 28.6652], [80.5704, 28.6878], [80.5915, 28.6476], [80.6693, 28.6418], [80.6919, 28.587], [80.7696, 28.5655], [80.7908, 28.5243], [80.9103, 28.4975], [80.9174, 28.4575], [81.0192, 28.4516], [81.0341, 28.3987], [81.2124, 28.3605], [81.2345, 28.2889], [81.3224, 28.1972], [81.3198, 28.1334], [81.3731, 28.1422], [81.3769, 28.1769], [81.4457, 28.1621], [81.4802, 28.0825], [81.704, 27.9865], [81.8868, 27.8572], [81.928, 27.8596], [81.9701, 27.9288], [82.0697, 27.9234], [82.4507, 27.6786], [82.7099, 27.7217], [82.7579, 27.5866], [82.737, 27.5031], [82.9316, 27.5009], [83.0361, 27.4487], [83.1902, 27.454], [83.3196, 27.33], [83.4117, 27.4125], [83.3909, 27.4795], [83.6167, 27.4694], [83.8332, 27.3695], [83.8585, 27.351], [83.8376, 27.3288], [83.9055, 27.3762], [83.8702, 27.4285], [84.0294, 27.4336], [84.0998, 27.5168], [84.153, 27.5166], [84.151, 27.4857], [84.2079, 27.4694], [84.2106, 27.4423], [84.2562, 27.4519], [84.2959, 27.3842], [84.622, 27.3382], [84.6931, 27.2148], [84.6449, 27.0472], [84.7957, 26.9956], [84.8319, 27.0193], [84.8936, 26.9696], [84.9645, 26.9603], [84.9698, 26.916], [85.0624, 26.8867], [85.0244, 26.8554], [85.1977, 26.8666], [85.1791, 26.8119], [85.2123, 26.7587], [85.3363, 26.7414], [85.6367, 26.8719], [85.7367, 26.7956], [85.7346, 26.6543], [85.8533, 26.6095], [85.8521, 26.5684], [86.0307, 26.6664], [86.2196, 26.5881], [86.33, 26.6192], [86.5442, 26.5381], [86.5728, 26.4969], [86.7335, 26.422], [86.7677, 26.4585], [86.8358, 26.4387], [86.8964, 26.4617], [86.9351, 26.5165], [87.0177, 26.5318], [87.0743, 26.5855], [87.0939, 26.45], [87.165, 26.4038], [87.2587, 26.4109], [87.2684, 26.3736], [87.3434, 26.3475], [87.3713, 26.4078], [87.4691, 26.4401], [87.6084, 26.3806], [87.6802, 26.4351], [87.7689, 26.4121], [87.7922, 26.4689], [87.8512, 26.4362], [87.8906, 26.4864], [87.9293, 26.4179], [88.0326, 26.3646], [88.0974, 26.4374], [88.1007, 26.5361], [88.163, 26.6363], [88.1905, 26.7714], [88.123, 26.9501], [88.1375, 26.9853], [88.0403, 27.0363], [87.9942, 27.1052], [88.0692, 27.3356], [88.0494, 27.4052], [88.0826, 27.4264], [88.0463, 27.4958], [88.1999, 27.7905], [88.1757, 27.8202], [88.2039, 27.8373], [88.13, 27.8815], [88.1239, 27.9509], [88.3898, 27.9781], [88.4831, 28.0456], [88.5389, 28.0389], [88.5545, 28.0848], [88.6165, 28.1037], [88.6075, 28.1276], [88.6668, 28.0741], [88.7511, 28.0733], [88.8291, 28.0152], [88.8363, 27.932], [88.8814, 27.8925], [88.8466, 27.6689], [88.7671, 27.565], [88.8118, 27.4026], [88.9224, 27.3263], [88.9073, 27.2835], [88.8011, 27.2476], [88.7882, 27.1858], [88.7336, 27.1383], [88.8699, 27.1087], [88.875, 26.9515], [88.919, 26.9962], [88.9624, 26.9241], [89.0249, 26.9403], [89.0903, 26.894], [89.1311, 26.8081], [89.2556, 26.8169], [89.3772, 26.8663], [89.4593, 26.8063], [89.5589, 26.8156], [89.6447, 26.7809], [89.6134, 26.7281], [89.6322, 26.7192], [89.7567, 26.7365], [89.7744, 26.6996], [89.8569, 26.7038], [89.8764, 26.6495], [89.8624, 26.737], [90.1278, 26.749], [90.1887, 26.7706], [90.2148, 26.8537], [90.3015, 26.8482], [90.4097, 26.9019], [90.5599, 26.801], [90.6999, 26.768], [91.054, 26.7795], [91.0966, 26.8198], [91.3363, 26.7797], [91.4083, 26.8356], [91.4928, 26.7898], [91.6238, 26.8213], [91.6872, 26.8051], [91.802, 26.8521], [91.8578, 26.914], [92.0552, 26.8481], [92.1079, 26.8938], [92.1033, 27.0077], [92.0337, 27.0648], [92.0234, 27.1623], [92.0696, 27.2236], [92.0396, 27.2667], [92.1206, 27.2876], [92.0588, 27.3272], [92.0188, 27.4797], [91.7738, 27.4645], [91.6901, 27.5028], [91.6532, 27.483], [91.562, 27.5842], [91.5577, 27.6335], [91.64, 27.758], [91.5525, 27.8586], [91.6693, 27.8567], [91.7463, 27.8034], [91.8242, 27.8104], [91.8605, 27.7369], [91.9188, 27.7151], [91.9839, 27.77], [92.0554, 27.7591], [92.2104, 27.859], [92.264, 27.8579], [92.316, 27.7782], [92.4069, 27.8221], [92.4549, 27.8033], [92.5013, 27.8415], [92.5607, 27.821], [92.7395, 27.9894], [92.6629, 28.0628], [92.687, 28.1258], [92.7996, 28.2022], [92.8265, 28.172], [92.8953, 28.2046], [92.9645, 28.2618], [93.0004, 28.2308], [93.0338, 28.2631], [93.0237, 28.3032], [93.219, 28.3337], [93.2315, 28.4007], [93.1827, 28.44], [93.2759, 28.5048], [93.3369, 28.6402], [93.4457, 28.676], [93.4742, 28.6537], [93.4911, 28.684], [93.5338, 28.6588], [93.7316, 28.6893], [93.7752, 28.6685], [93.844, 28.7074], [93.9261, 28.6718], [94.0014, 28.7755], [93.9949, 28.8414], [94.1551, 28.9548], [94.2147, 29.0841], [94.2877, 29.1481], [94.3569, 29.1526], [94.4312, 29.2268], [94.5579, 29.2289], [94.6282, 29.3486], [94.7774, 29.2411], [94.798, 29.1646], [94.8718, 29.1843], [95.0228, 29.1306], [94.9975, 29.173], [95.1218, 29.1163], [95.2508, 29.1099], [95.2666, 29.0576], [95.4543, 29.037], [95.4963, 29.1403], [95.5468, 29.1287], [95.5377, 29.214], [95.5858, 29.218], [95.5987, 29.2619], [95.638, 29.2498], [95.7776, 29.3564], [95.7965, 29.3363], [95.8809, 29.3915], [95.9571, 29.3827], [96.0805, 29.4633], [96.2436, 29.2351], [96.3632, 29.2856], [96.3928, 29.2565], [96.3464, 29.171], [96.2602, 29.1602], [96.1856, 29.0946], [96.1145, 29.0776], [96.1849, 28.9881], [96.1452, 28.9375], [96.1665, 28.9059], [96.3467, 29.0323], [96.5252, 29.0793], [96.4774, 28.994], [96.4875, 28.9653], [96.5188, 28.971], [96.5375, 28.8841], [96.616, 28.7786], [96.5859, 28.7216], [96.4727, 28.6882], [96.4941, 28.6382], [96.3257, 28.534], [96.373, 28.487], [96.2638, 28.4134], [96.3709, 28.3943], [96.3994, 28.3445], [96.4583, 28.4192], [96.6646, 28.4658], [96.7511, 28.4217], [96.7744, 28.3741], [96.8987, 28.3859], [96.9965, 28.3162], [97.0926, 28.3697], [97.1739, 28.2991], [97.2821, 28.2763], [97.4006, 28.2005], [97.3308, 28.163], [97.3077, 28.0771], [97.3735, 28.0702], [97.4152, 28.0241], [97.3781, 27.9862], [97.389, 27.8964], [97.3212, 27.8895], [97.3087, 27.93], [97.2565, 27.9095], [97.1025, 27.7934], [97.0964, 27.7499], [97.0286, 27.7491], [96.9783, 27.6719], [96.8976, 27.6208], [96.9377, 27.5301], [96.9118, 27.4627], [97.1672, 27.1555], [97.1464, 27.1028], [96.8662, 27.1997], [96.8888, 27.2636], [96.8024, 27.3544], [96.7125, 27.3807], [96.6205, 27.3728], [96.5223, 27.294], [96.3108, 27.302], [96.0364, 27.1961], [95.946, 27.0597], [95.8079, 27.0205], [95.7308, 26.8875], [95.6734, 26.9102], [95.6115, 26.8212], [95.5328, 26.8312], [95.4233, 26.6967], [95.3026, 26.656], [95.2376, 26.6863], [95.1547, 26.6195], [95.0663, 26.4568], [95.1357, 26.3878], [95.1206, 26.1097], [95.1857, 26.0804], [95.1065, 25.9682], [95.0219, 25.91], [95.0525, 25.7627], [94.9376, 25.669], [94.889, 25.5931], [94.905, 25.5671], [94.8494, 25.5607], [94.8125, 25.4954], [94.6823, 25.4589], [94.6312, 25.3873], [94.5854, 25.2157], [94.7457, 25.1366], [94.7422, 25.0252], [94.7031, 24.9783], [94.7191, 24.9425], [94.6378, 24.8424], [94.6108, 24.7221], [94.551, 24.7165], [94.5315, 24.6324], [94.4034, 24.4878], [94.4039, 24.4211], [94.3653, 24.3997], [94.3834, 24.3794], [94.3263, 24.3389], [94.1615, 23.8528], [94.1226, 23.8427], [94.0961, 23.8936], [93.9538, 23.9502], [93.816, 23.9298], [93.7569, 24.0095], [93.6207, 24.0142], [93.6035, 23.9696], [93.5635, 23.9896], [93.5087, 23.9489], [93.4247, 24.0717], [93.3514, 24.1124], [93.3344, 23.9869], [93.3987, 23.9303], [93.4053, 23.7616], [93.4447, 23.6824], [93.3972, 23.4333], [93.4142, 23.388], [93.3658, 23.3545], [93.3936, 23.1386], [93.2977, 23.0058], [93.2532, 23.0065], [93.1945, 23.0603], [93.1329, 23.0475], [93.1684, 22.9191], [93.1388, 22.9132], [93.0993, 22.8104], [93.0918, 22.7093], [93.1444, 22.5989], [93.1117, 22.5318], [93.1908, 22.4273], [93.2086, 22.2611], [93.1471, 22.2465], [93.1544, 22.1782], [93.0467, 22.1976], [93.0656, 22.1021], [93.0133, 22.1022], [93.0092, 21.9839], [92.9558, 22.0299], [92.9109, 21.9462], [92.8677, 22.0654], [92.7179, 22.1526], [92.6936, 22.0772], [92.6838, 22.1053], [92.6844, 22.0179], [92.6097, 21.9768], [92.5704, 22.1291], [92.61, 22.1213], [92.6139, 22.1729], [92.527, 22.6762], [92.4475, 22.8936], [92.3754, 22.9349], [92.3937, 23.0582], [92.3611, 23.2375], [92.4086, 23.2461], [92.2685, 23.7286], [92.2241, 23.6573], [92.1795, 23.7432], [92.0726, 23.6447], [91.9621, 23.7277], [91.9423, 23.6818], [91.9752, 23.4824], [91.8474, 23.4002], [91.7709, 23.2638], [91.8355, 23.0939], [91.7256, 22.9893], [91.6521, 22.992], [91.6187, 22.9442], [91.5489, 22.9948], [91.5109, 23.182], [91.4742, 23.1888], [91.486, 23.2122], [91.419, 23.2802], [91.3888, 23.1795], [91.422, 23.0592], [91.3777, 23.0641], [91.2973, 23.321], [91.3256, 23.3623], [91.2967, 23.3545], [91.2538, 23.4897], [91.1666, 23.5987], [91.1613, 23.6706], [91.1989, 23.647], [91.2101, 23.6876], [91.1583, 23.6912], [91.1604, 23.7394], [91.2246, 23.7401], [91.2576, 23.8397], [91.2352, 23.9286], [91.2763, 23.9262], [91.3064, 23.9986], [91.3782, 23.9769], [91.3754, 24.1075], [91.5962, 24.0802], [91.6403, 24.1084], [91.6675, 24.2304], [91.6924, 24.1593], [91.7612, 24.1416], [91.7435, 24.2471], [91.8156, 24.209], [91.8475, 24.2283], [91.8418, 24.1977], [91.9026, 24.1378], [91.9419, 24.2676], [91.9204, 24.3358], [91.9571, 24.3563], [91.9954, 24.3213], [91.9741, 24.3886], [92.1192, 24.3838], [92.1728, 24.4309], [92.1559, 24.5242], [92.2322, 24.5011], [92.2593, 24.6809], [92.2983, 24.7366], [92.2405, 24.8992], [92.2984, 24.92], [92.3915, 24.8499], [92.4918, 24.874], [92.4893, 24.9544], [92.4352, 24.9664], [92.4259, 25.0318], [92.0718, 25.1896], [91.7529, 25.1798], [91.744, 25.1512], [91.6445, 25.1227], [91.6056, 25.1458], [91.6174, 25.1759], [91.4741, 25.1339], [91.2738, 25.2043], [90.867, 25.1561], [90.7854, 25.184], [90.7393, 25.1544], [90.673, 25.1666], [90.6712, 25.1973], [90.4524, 25.1445], [90.3415, 25.1935], [90.1152, 25.2269], [89.9712, 25.3031], [89.8343, 25.2957], [89.8217, 25.3854], [89.8578, 25.5348], [89.88, 25.4886], [89.8701, 25.5442], [89.8852, 25.6298], [89.8145, 25.817], [89.8904, 25.9402], [89.8282, 25.9436], [89.8754, 25.9761], [89.8396, 26.0105], [89.823, 25.9849], [89.8131, 26.042], [89.7916, 26.0177], [89.7893, 26.1027], [89.7331, 26.1732], [89.6871, 26.159], [89.6893, 26.2283], [89.6376, 26.2277], [89.653, 26.1899], [89.6298, 26.1862], [89.6606, 26.1756], [89.5947, 26.157], [89.633, 26.1189], [89.5967, 26.1009], [89.6327, 26.107], [89.6524, 26.0622], [89.6084, 26.0636], [89.5907, 25.9757], [89.4339, 26.0119], [89.4295, 26.0456], [89.3984, 26.0069], [89.3524, 26.0105], [89.2616, 26.0639], [89.2722, 26.0916], [89.2302, 26.1226], [89.1672, 26.1338], [89.1084, 26.2823], [89.1125, 26.317], [89.1305, 26.2885], [89.1444, 26.3208], [89.0911, 26.3219], [89.0935, 26.3992], [89.041, 26.3979], [88.9643, 26.4631], [88.9113, 26.4121], [88.9199, 26.3699], [88.9636, 26.3658], [88.9638, 26.3327], [88.9914, 26.3522], [88.9919, 26.3048], [89.0652, 26.2939], [89.0697, 26.2553], [88.9704, 26.2416], [88.9349, 26.2883], [88.8884, 26.2916], [88.8851, 26.2388], [88.8468, 26.2343], [88.8216, 26.3007], [88.7616, 26.3006], [88.7492, 26.3532], [88.7044, 26.3344], [88.6818, 26.3803], [88.7027, 26.3885], [88.6245, 26.4354], [88.6207, 26.4711], [88.5571, 26.4569], [88.5611, 26.4889], [88.5267, 26.4817], [88.4861, 26.5413], [88.4354, 26.5468], [88.4154, 26.6341], [88.3344, 26.4787], [88.3559, 26.4458], [88.3676, 26.4871], [88.4832, 26.4611], [88.5248, 26.3598], [88.4579, 26.3738], [88.3518, 26.2816], [88.3525, 26.22], [88.1804, 26.1457], [88.161, 26.078], [88.1871, 26.0241], [88.144, 26.0118], [88.0868, 25.9125], [88.1171, 25.7967], [88.1517, 25.7738], [88.2699, 25.8081], [88.4071, 25.6693], [88.4567, 25.6605], [88.4464, 25.597], [88.5, 25.5813], [88.5429, 25.5066], [88.6094, 25.5132], [88.6989, 25.47], [88.7111, 25.497], [88.7691, 25.4923], [88.7629, 25.5213], [88.8104, 25.5198], [88.8437, 25.3624], [88.9256, 25.3036], [89.0113, 25.2924], [88.9566, 25.2593], [88.923, 25.1671], [88.8449, 25.2112], [88.8038, 25.1723], [88.7092, 25.2096], [88.5658, 25.1777], [88.4997, 25.2117], [88.4458, 25.1963], [88.4538, 25.0356], [88.4015, 24.9457], [88.3417, 24.939], [88.3251, 24.8659], [88.2774, 24.8957], [88.2638, 24.8755], [88.228, 24.9594], [88.1397, 24.9361], [88.1756, 24.861], [88.0706, 24.7694], [88.0106, 24.6667], [88.1479, 24.5056], [88.333, 24.3832], [88.4484, 24.377], [88.5287, 24.3442], [88.555, 24.2965], [88.5863, 24.3259], [88.7025, 24.3107], [88.7347, 24.2752], [88.6947, 24.1134], [88.7376, 24.0594], [88.7272, 23.9945], [88.7587, 24.0082], [88.771, 23.9848], [88.735, 23.9782], [88.7315, 23.913], [88.576, 23.8598], [88.6017, 23.8169], [88.5593, 23.7841], [88.5617, 23.6421], [88.5924, 23.6366], [88.5809, 23.6007], [88.6449, 23.6081], [88.6592, 23.5527], [88.7429, 23.4808], [88.7985, 23.4949], [88.7623, 23.3617], [88.7336, 23.3463], [88.7461, 23.3098], [88.6974, 23.2965], [88.7204, 23.2527], [88.7967, 23.2156], [88.8179, 23.251], [88.9192, 23.2083], [88.9947, 23.2124], [88.8696, 23.0954], [88.8734, 23.0043], [88.8467, 23.0024], [88.9139, 22.9186], [88.9093, 22.8774], [88.9675, 22.8426], [88.9192, 22.7617], [88.9473, 22.6599], [88.905, 22.6791], [88.8649, 22.6649], [88.8641, 22.6937], [88.848, 22.709], [88.8096, 22.7107], [88.8091, 22.7511], [88.8394, 22.7349], [88.8471, 22.744], [88.8473, 22.7517], [88.8089, 22.7534], [88.8058, 22.7332], [88.809, 22.7095], [88.8613, 22.6942], [88.8638, 22.6637], [88.9103, 22.675], [88.9326, 22.6187], [88.9577, 22.6108], [88.9376, 22.5699], [88.8964, 22.5633], [88.8689, 22.5458], [88.8428, 22.5079], [88.8524, 22.4328], [88.8245, 22.4361], [88.8297, 22.4468], [88.8116, 22.4814], [88.7717, 22.5134], [88.7664, 22.5608], [88.7689, 22.5136], [88.6907, 22.5244], [88.6774, 22.5935], [88.6893, 22.524], [88.778, 22.5065], [88.8025, 22.4434], [88.8185, 22.4306], [88.8483, 22.4306], [88.8461, 22.3883], [88.8611, 22.365], [88.8763, 22.3553], [88.8189, 22.3636], [88.8026, 22.329], [88.8044, 22.2827], [88.7927, 22.2762], [88.7908, 22.2597], [88.7436, 22.2292], [88.7336, 22.1956], [88.702, 22.2094], [88.6656, 22.2175], [88.635, 22.2164], [88.6849, 22.2943], [88.6661, 22.339], [88.6792, 22.2939], [88.6309, 22.222], [88.6393, 22.2081], [88.6725, 22.2012], [88.6193, 22.1088], [88.6046, 22.1598], [88.5727, 22.1891], [88.6034, 22.1591], [88.5976, 22.1306], [88.62, 22.1045], [88.6273, 22.0548], [88.6295, 22.0506], [88.6367, 22.0453], [88.6034, 22.0236], [88.6064, 22.0477], [88.5967, 22.0633], [88.6017, 22.0736], [88.5966, 22.0673], [88.5962, 22.061], [88.6049, 22.0483], [88.5999, 22.0236], [88.6144, 22.0197], [88.6067, 21.9131], [88.5783, 21.8894], [88.5864, 21.9281], [88.5503, 21.9214], [88.5436, 21.97], [88.5678, 21.9589], [88.5462, 21.9735], [88.5426, 21.9706], [88.5409, 21.9602], [88.5487, 21.9223], [88.5705, 21.9036], [88.5406, 21.9039], [88.5281, 21.8531], [88.4943, 21.8791], [88.5218, 21.9137], [88.5255, 21.9294], [88.4937, 21.9671], [88.5433, 21.982], [88.5546, 22.0357], [88.5414, 21.9817], [88.4916, 21.9669], [88.5207, 21.9154], [88.4832, 21.91], [88.4736, 21.8953], [88.4702, 21.9589], [88.4459, 21.966], [88.4609, 22.0116], [88.4416, 21.9911], [88.4453, 21.9642], [88.4689, 21.958], [88.4585, 21.9188], [88.4197, 21.9066], [88.4087, 21.8853], [88.3847, 21.8992], [88.4078, 21.9195], [88.3988, 21.9531], [88.3739, 21.9653], [88.3943, 21.9707], [88.3758, 21.9697], [88.3728, 21.9667], [88.3744, 21.9628], [88.3981, 21.9522], [88.4064, 21.9198], [88.3828, 21.9007], [88.3907, 21.799], [88.3549, 21.8228], [88.3565, 21.9243], [88.3532, 21.8569], [88.3098, 21.8777], [88.262, 21.8587], [88.2664, 21.8836], [88.2589, 21.8588], [88.3138, 21.8466], [88.259, 21.8076], [88.2584, 21.8008], [88.2636, 21.788], [88.2819, 21.7611], [88.2517, 21.8019], [88.2827, 21.7576], [88.272, 21.7305], [88.2728, 21.7558], [88.2172, 21.7644], [88.1633, 21.8794], [88.1772, 21.9261], [88.1537, 21.9592], [88.2239, 22.0753], [88.2031, 22.1669], [88.0697, 22.2119], [88.105, 22.3047], [88.0492, 22.22], [87.9849, 22.2457], [87.9464, 22.4061], [87.9233, 22.435], [87.8838, 22.4416], [87.9422, 22.3664], [87.94, 22.2603], [87.9814, 22.2159], [88.0086, 22.2014], [88.1356, 22.1847], [88.1889, 22.0992], [88.0622, 22.0131], [88.0319, 22.0639], [87.9919, 22.1025], [87.9634, 22.1035], [88.0531, 22.0103], [87.9292, 21.8006], [87.7897, 21.695], [87.482, 21.6087], [87.4625, 21.6863], [87.4811, 21.6078], [87.38, 21.5456], [87.2009, 21.5485], [87.1069, 21.5177], [86.9108, 21.3403], [86.8225, 21.1939], [86.8367, 21.0997], [86.9703, 20.8233], [86.9575, 20.7847], [86.9395, 20.7903], [86.8814, 20.7975], [86.8278, 20.7717], [86.7557, 20.6133], [86.7736, 20.6453], [86.8159, 20.6364], [86.8206, 20.6396], [86.8022, 20.6752], [86.8285, 20.6723], [86.8393, 20.6534], [86.8447, 20.6508], [86.9339, 20.7107], [87.0, 20.6953], [87.0452, 20.7095], [86.885, 20.6164], [86.7339, 20.4792], [86.7294, 20.4049], [86.7889, 20.3697], [86.7692, 20.3311], [86.68, 20.2633], [86.6711, 20.2822], [86.6797, 20.2581], [86.4975, 20.1903], [86.4683, 20.1472], [86.46, 20.1622], [86.466, 20.146], [86.4911, 20.1578], [86.4622, 20.1147], [86.4714, 20.0975], [86.5039, 20.1644], [86.5589, 20.2006], [86.5206, 20.1692], [86.4839, 20.1103], [86.4368, 20.061], [86.4118, 20.0555], [86.3875, 19.9764], [86.3422, 19.9864], [86.3274, 20.0307], [86.2905, 20.061], [86.2872, 20.0497], [86.2692, 20.0628], [86.2625, 20.062], [86.2479, 20.0532], [86.2367, 20.027], [86.265, 20.0169], [86.2949, 20.0244], [86.3027, 19.9835], [86.341, 19.9724], [86.3175, 19.9492], [86.3627, 19.9528], [86.2416, 19.9221], [86.2278, 19.9036], [86.2225, 19.9256], [86.228, 19.9009], [86.0951, 19.8599], [85.905, 19.8322], [85.4192, 19.6231], [84.9057, 19.2696], [84.7779, 19.1101], [84.7254, 19.0965], [84.7354, 19.1438], [84.7032, 19.1207], [84.7187, 19.0963], [84.751, 19.0821], [84.7832, 19.111], [84.3562, 18.5568], [84.1257, 18.3515], [84.1246, 18.3093], [83.5726, 18.0182], [83.5296, 17.9493], [83.4574, 17.9207], [83.3443, 17.7249], [83.3065, 17.6882], [83.2824, 17.6893], [83.2726, 17.7118], [83.2635, 17.711], [83.2824, 17.6876], [83.2982, 17.6865], [83.2954, 17.6751], [83.2135, 17.591], [82.6076, 17.2962], [82.3685, 17.1187], [82.249, 16.9304], [82.3118, 16.8401], [82.3543, 16.8515], [82.3593, 16.9443], [82.3243, 16.9888], [82.3579, 16.9638], [82.3657, 16.9021], [82.3429, 16.7379], [82.3118, 16.7335], [82.2995, 16.7143], [82.2457, 16.7168], [82.2565, 16.6426], [82.2924, 16.6087], [82.2599, 16.5868], [82.2996, 16.5918], [82.2679, 16.564], [82.3099, 16.5676], [81.7204, 16.3101], [81.541, 16.359], [81.4054, 16.3437], [81.3829, 16.3618], [81.3651, 16.3599], [81.3457, 16.3307], [81.3799, 16.3599], [81.3926, 16.3421], [81.231, 16.2351], [81.1457, 15.9738], [81.0043, 15.8404], [81.0121, 15.7701], [80.9668, 15.7318], [80.8221, 15.7129], [80.7807, 15.7804], [80.8135, 15.7396], [80.8054, 15.8426], [80.774, 15.8663], [80.6868, 15.8826], [80.431, 15.8057], [80.2704, 15.6732], [80.2004, 15.4982], [80.2007, 15.4654], [80.0799, 15.316], [80.0885, 15.2193], [80.0782, 15.189], [80.046, 15.2093], [80.061, 15.1904], [80.0813, 15.186], [80.0479, 15.0773], [80.0888, 14.8115], [80.0593, 14.8199], [80.0932, 14.8101], [80.199, 14.5871], [80.1221, 14.1146], [80.2449, 13.8196], [80.2363, 13.6399], [80.3151, 13.4338], [80.1471, 13.7243], [80.1385, 13.6129], [80.1068, 13.7093], [80.1004, 13.7021], [80.1035, 13.6543], [80.051, 13.5882], [80.1154, 13.5076], [80.2621, 13.4729], [80.2685, 13.4174], [80.313, 13.4279], [80.3121, 13.3694], [80.3163, 13.4285], [80.329, 13.3665], [80.3262, 13.4426], [80.3449, 13.2732], [80.3063, 13.2151], [80.3337, 13.2351], [80.2668, 13.0132], [80.2479, 12.8052], [80.2326, 12.8463], [80.254, 12.779], [80.1854, 12.5776], [80.1649, 12.6037], [80.1846, 12.5746], [80.156, 12.4668], [80.0507, 12.326], [80.064, 12.3499], [80.0582, 12.3674], [80.0171, 12.3404], [80.0632, 12.3513], [80.0093, 12.2565], [80.0115, 12.2726], [79.9446, 12.2201], [80.0071, 12.2546], [79.8849, 12.0649], [79.8238, 11.8818], [79.7907, 11.8787], [79.8196, 11.8743], [79.8004, 11.8084], [79.7818, 11.8403], [79.8007, 11.8076], [79.7571, 11.5638], [79.8107, 11.371], [79.8379, 11.3568], [79.8465, 11.244], [79.8046, 11.2363], [79.8401, 11.229], [79.8476, 11.2429], [79.8551, 10.9776], [79.7958, 10.9803], [79.8546, 10.976], [79.8521, 10.8276], [79.844, 10.8274], [79.8238, 10.8179], [79.8512, 10.8138], [79.8829, 10.3024], [79.8357, 10.2754], [79.7429, 10.2751], [79.7849, 10.2807], [79.7571, 10.3121], [79.7785, 10.3024], [79.7613, 10.3132], [79.7301, 10.311], [79.7104, 10.3252], [79.6365, 10.3182], [79.6299, 10.3632], [79.6135, 10.3174], [79.5512, 10.3124], [79.6624, 10.289], [79.6735, 10.3015], [79.6818, 10.2901], [79.739, 10.2774], [79.5265, 10.3054], [79.5888, 10.3326], [79.5451, 10.3479], [79.5257, 10.3185], [79.456, 10.3421], [79.5124, 10.309], [79.3857, 10.3168], [79.2949, 10.2607], [79.229, 10.1443], [79.2674, 10.0379], [78.9815, 9.6904], [78.8982, 9.489], [79.0343, 9.3185], [79.1907, 9.2818], [78.8349, 9.2451], [78.8326, 9.2688], [78.8324, 9.2432], [78.7185, 9.1901], [78.6579, 9.1924], [78.6574, 9.1576], [78.5782, 9.1313], [78.484, 9.1279], [78.489, 9.1329], [78.4887, 9.1501], [78.261, 9.0188], [78.1687, 8.8821], [78.1574, 8.7715], [78.1985, 8.789], [78.2301, 8.7488], [78.1707, 8.7451], [78.1049, 8.6515], [78.0965, 8.5813], [78.136, 8.5921], [78.1018, 8.5924], [78.1224, 8.5982], [78.1274, 8.6385], [78.1387, 8.5888], [78.1304, 8.4971], [78.0654, 8.4204], [78.0668, 8.3704], [77.804, 8.2482], [77.7462, 8.1771], [77.5757, 8.1357], [77.551, 8.0765], [77.316, 8.121], [77.0907, 8.2974], [77.1219, 8.3229], [77.0907, 8.2975], [76.9754, 8.3846], [76.6318, 8.8363], [76.5462, 8.9024], [76.4635, 9.134], [76.4837, 9.1268], [76.4904, 9.1701], [76.4707, 9.1424], [76.4226, 9.2457], [76.4613, 9.1396], [76.3379, 9.416], [76.2374, 9.9654], [76.2532, 9.9696], [76.2654, 9.9346], [76.2954, 9.9179], [76.2965, 9.8929], [76.2665, 9.9124], [76.2654, 9.8968], [76.2574, 9.9157], [76.2696, 9.8663], [76.2876, 9.8985], [76.2846, 9.8326], [76.3029, 9.8474], [76.2957, 9.8899], [76.3193, 9.8763], [76.3218, 9.8076], [76.3476, 9.7118], [76.3207, 9.8713], [76.349, 9.8279], [76.3707, 9.8201], [76.3596, 9.7988], [76.3607, 9.7004], [76.3988, 9.6743], [76.3671, 9.611], [76.3571, 9.5254], [76.5021, 9.531], [76.416, 9.566], [76.4137, 9.6968], [76.3826, 9.7035], [76.391, 9.7421], [76.3679, 9.791], [76.3951, 9.8182], [76.3401, 9.9196], [76.3432, 9.8851], [76.3187, 9.8888], [76.3215, 9.8924], [76.304, 9.9343], [76.3115, 9.9485], [76.3001, 9.9368], [76.3035, 9.9257], [76.2674, 10.0321], [76.2601, 10.0343], [76.2574, 10.0232], [76.2682, 9.9826], [76.2496, 10.0299], [76.2404, 10.071], [76.2571, 10.046], [76.2646, 10.0793], [76.2257, 10.1271], [76.2393, 10.0751], [76.2057, 10.1471], [76.2104, 10.0913], [76.2301, 10.0599], [76.2196, 10.0685], [76.2387, 10.0304], [76.2304, 10.0168], [76.2371, 10.016], [76.2374, 9.9968], [76.2396, 9.9951], [76.2421, 9.9782], [76.2454, 9.9724], [76.224, 9.9771], [76.166, 10.1749], [76.2026, 10.139], [76.1915, 10.1943], [76.1599, 10.1885], [76.0993, 10.3807], [76.034, 10.5257], [76.0526, 10.5321], [76.0524, 10.5435], [76.0676, 10.5446], [76.0415, 10.5754], [76.0482, 10.5351], [76.0318, 10.5371], [76.0362, 10.5101], [75.9101, 10.7924], [75.8251, 11.1229], [75.8585, 11.1385], [75.8451, 11.1438], [75.8249, 11.1254], [75.8018, 11.1582], [75.8288, 11.1582], [75.829, 11.1807], [75.8021, 11.1626], [75.6826, 11.4482], [75.6174, 11.4771], [75.5424, 11.6818], [75.4721, 11.7638], [75.5076, 11.7612], [75.4749, 11.7665], [75.5001, 11.7982], [75.4538, 11.7701], [75.4601, 11.8074], [75.454, 11.7785], [75.2987, 11.9435], [75.3993, 11.9154], [75.3749, 11.9565], [75.3587, 11.9315], [75.3179, 11.9462], [75.3096, 11.9699], [75.3143, 11.9496], [75.279, 12.0021], [75.2737, 12.004], [75.296, 11.9479], [75.231, 12.0247], [75.2004, 12.0074], [75.1787, 12.0807], [75.2201, 12.0701], [75.1726, 12.0857], [75.1929, 12.1007], [75.1974, 12.1174], [75.1921, 12.1326], [75.1818, 12.0951], [75.129, 12.2121], [75.1176, 12.2063], [75.0568, 12.3624], [75.0626, 12.341], [74.9735, 12.4987], [74.8665, 12.7526], [74.9923, 12.7905], [74.8671, 12.7545], [74.821, 12.8524], [74.7896, 13.0988], [74.7735, 13.0832], [74.6904, 13.3485], [74.7132, 13.3307], [74.7218, 13.284], [74.7251, 13.2782], [74.729, 13.2771], [74.736, 13.2896], [74.7113, 13.3418], [74.6951, 13.3476], [74.6707, 13.6337], [74.6068, 13.8665], [74.6332, 13.849], [74.5015, 14.0226], [74.3538, 14.5029], [74.3935, 14.5293], [74.376, 14.5737], [74.3543, 14.5429], [74.3374, 14.5687], [74.356, 14.5221], [74.3096, 14.5207], [74.2496, 14.7396], [74.2049, 14.7179], [74.0926, 14.8032], [74.121, 14.8021], [74.1304, 14.8399], [74.1055, 14.9005], [74.0429, 14.9185], [74.0501, 14.9882], [73.9118, 15.084], [73.9485, 15.146], [73.8865, 15.3504], [73.7829, 15.4087], [73.8768, 15.3968], [73.8968, 15.4149], [73.7876, 15.4615], [73.8054, 15.4949], [73.7646, 15.4946], [73.7312, 15.5904], [73.7549, 15.6174], [73.6793, 15.7224], [73.7973, 15.7251], [73.6485, 15.7457], [73.6746, 15.7532], [73.6624, 15.8046], [73.5904, 15.9124], [73.5099, 15.9374], [73.4832, 16.036], [73.4549, 16.0551], [73.4474, 16.2246], [73.4299, 16.199], [73.411, 16.2735], [73.4357, 16.2865], [73.4104, 16.2779], [73.3854, 16.3365], [73.4112, 16.3621], [73.3679, 16.3635], [73.4054, 16.4049], [73.3654, 16.3976], [73.3162, 16.5135], [73.3182, 16.5565], [73.349, 16.5043], [73.3901, 16.5143], [73.3457, 16.5565], [73.3735, 16.5501], [73.394, 16.5526], [73.3168, 16.601], [73.3526, 16.5965], [73.3054, 16.7293], [73.3332, 16.8165], [73.2954, 16.8168], [73.2857, 16.8807], [73.3135, 16.889], [73.2771, 16.8921], [73.2943, 16.986], [73.2543, 17.0274], [73.266, 17.0476], [73.2893, 17.0068], [73.2843, 17.0401], [73.3199, 17.0382], [73.2901, 17.0476], [73.2785, 17.0404], [73.2982, 17.0785], [73.1893, 17.2979], [73.2276, 17.2815], [73.244, 17.3074], [73.1671, 17.4051], [73.2057, 17.439], [73.1371, 17.556], [73.1685, 17.5824], [73.1271, 17.6371], [73.1351, 17.7162], [73.0874, 17.8388], [73.134, 17.8246], [73.0501, 17.9068], [73.0924, 17.9407], [73.0296, 17.9443], [73.0382, 17.9843], [73.0021, 18.0212], [73.0235, 18.0238], [73.0454, 18.0415], [73.0296, 18.0321], [73.0404, 18.0532], [73.0251, 18.0504], [73.0157, 18.0321], [72.9899, 18.0551], [72.9876, 18.1951], [72.931, 18.2204], [72.9354, 18.2815], [72.9646, 18.2801], [72.9815, 18.2421], [73.0693, 18.2221], [73.0557, 18.1871], [73.0882, 18.1515], [73.0596, 18.1907], [73.0804, 18.2313], [73.0429, 18.2971], [73.0863, 18.2879], [73.0879, 18.3268], [73.0401, 18.3015], [73.0546, 18.2704], [73.0279, 18.2643], [72.914, 18.3549], [72.8954, 18.4726], [72.9046, 18.5393], [72.9285, 18.5418], [72.8551, 18.6968], [72.8693, 18.8046], [72.9163, 18.7924], [72.9407, 18.8279], [72.9704, 18.7899], [72.9826, 18.8096], [72.9887, 18.866], [72.9265, 18.851], [72.9079, 18.9021], [72.9576, 18.9085], [72.9557, 18.974], [72.9793, 18.9626], [73.0126, 18.9776], [73.0315, 18.9932], [73.0323, 18.9993], [72.9632, 19.0585], [72.9093, 18.9912], [72.8621, 19.0029], [72.8076, 18.891], [72.8235, 18.9415], [72.7918, 18.9507], [72.8382, 19.0393], [72.816, 19.0424], [72.8035, 19.1415], [72.8299, 19.1824], [72.7935, 19.1299], [72.7801, 19.1663], [72.8396, 19.2674], [72.7824, 19.1932], [72.799, 19.3313], [72.7576, 19.376], [72.7446, 19.4629], [72.7862, 19.526], [72.7649, 19.5043], [72.7182, 19.5387], [72.7126, 19.596], [72.7379, 19.5979], [72.6937, 19.7293], [72.7193, 19.7551], [72.6935, 19.7357], [72.6957, 19.8049], [72.6507, 19.8543], [72.6813, 19.8651], [72.6643, 19.9329], [72.6901, 19.9582], [72.7199, 19.9688], [72.7549, 19.9274], [72.7537, 19.9426], [72.7162, 19.9724], [72.7076, 20.0701], [72.7757, 20.3335], [72.8313, 20.3687], [72.8304, 20.4404], [72.8918, 20.5313], [72.851, 20.7415], [72.8896, 20.7482], [72.8346, 20.7818], [72.7937, 20.9451], [72.7768, 20.9149], [72.7521, 20.9465], [72.7232, 21.049], [72.7704, 21.0668], [72.7043, 21.0749], [72.7207, 21.1432], [72.6826, 21.1582], [72.6671, 21.1554], [72.659, 21.0879], [72.6271, 21.076], [72.6185, 21.2226], [72.6532, 21.2268], [72.6096, 21.2299], [72.5874, 21.2757], [72.6493, 21.3674], [72.6254, 21.3815], [72.6968, 21.4646], [72.6451, 21.4338], [72.674, 21.5204], [72.7424, 21.5501], [72.6832, 21.5429], [72.6257, 21.4924], [72.5974, 21.5524], [72.6293, 21.6177], [72.8351, 21.6679], [72.7363, 21.6896], [72.5376, 21.6643], [72.5074, 21.7013], [72.5699, 21.8243], [72.5176, 21.8574], [72.5024, 21.9551], [72.5821, 22.201], [72.6474, 22.2171], [72.7576, 22.174], [72.8079, 22.2454], [72.8779, 22.2238], [72.916, 22.2782], [72.8893, 22.244], [72.8438, 22.2824], [72.7521, 22.231], [72.6354, 22.2846], [72.5413, 22.2432], [72.5426, 22.281], [72.486, 22.1974], [72.4929, 22.2482], [72.4707, 22.2388], [72.4351, 22.3013], [72.3887, 22.3104], [72.4124, 22.3585], [72.3618, 22.3757], [72.404, 22.3532], [72.3724, 22.3165], [72.414, 22.2971], [72.4165, 22.2274], [72.3996, 22.1993], [72.3562, 22.2712], [72.3621, 22.2051], [72.3915, 22.1679], [72.376, 22.1499], [72.3576, 22.1929], [72.3435, 22.1249], [72.3162, 22.1465], [72.3176, 22.1807], [72.2943, 22.2024], [72.3126, 22.1807], [72.3104, 22.1446], [72.3238, 22.1301], [72.2785, 21.9321], [72.2415, 22.0496], [72.2979, 22.0635], [72.3001, 22.1087], [72.2654, 22.1054], [72.2782, 22.0804], [72.2332, 22.0538], [72.2326, 22.0176], [72.1724, 22.0415], [72.2004, 22.0043], [72.2137, 21.999], [72.231, 22.0076], [72.221, 21.9563], [72.1907, 21.9424], [72.1465, 21.9835], [72.1471, 21.9549], [72.1901, 21.9371], [72.2201, 21.9479], [72.2532, 21.8974], [72.2646, 21.7404], [72.2471, 21.791], [72.1829, 21.8237], [72.2412, 21.7874], [72.306, 21.6285], [72.2232, 21.4387], [72.109, 21.2829], [72.076, 21.3021], [72.1137, 21.1965], [72.0076, 21.1326], [72.0107, 21.186], [71.9768, 21.121], [71.8199, 21.0721], [71.8068, 21.0379], [71.5149, 20.9482], [71.4396, 20.8693], [71.3779, 20.874], [71.0504, 20.731], [70.9868, 20.7221], [70.9874, 20.7457], [70.92, 20.7245], [70.9976, 20.714], [70.8737, 20.7096], [70.9204, 20.7368], [70.8737, 20.7271], [70.8436, 20.7604]], [[73.8984, 30.0536], [73.8955, 30.0289], [73.9667, 30.1212], [73.8984, 30.0536]], [[89.8573, 26.6321], [89.8609, 26.6286], [89.8764, 26.6495], [89.8573, 26.6321]], [[90.0021, 25.5842], [90.0132, 25.6006], [89.8701, 25.5442], [90.0021, 25.5842]], [[79.7997, 11.9643], [79.7369, 11.9072], [79.7997, 11.9643], [79.8376, 11.9405], [79.7997, 11.9643]], [[80.0316, 28.7601], [80.0334, 28.7614], [80.0334, 28.7618], [80.0316, 28.7601]], [[79.9224, 28.7327], [79.9678, 28.7156], [79.9745, 28.7203], [79.9224, 28.7327]], [[79.8405, 28.8087], [79.8405, 28.8087], [79.9013, 28.8021], [79.8405, 28.8087]], [[79.8756, 28.8183], [79.854, 28.8443], [79.8756, 28.8183], [79.8756, 28.8183]], [[79.7745, 28.8918], [79.7745, 28.8918], [79.8086, 28.8628], [79.7745, 28.8918]], [[78.4736, 29.7485], [78.4569, 29.7541], [78.4743, 29.7469], [78.4736, 29.7485]], [[77.5723, 30.4163], [77.5699, 30.4051], [77.6342, 30.4109], [77.5723, 30.4163]], [[77.5674, 30.3942], [77.592, 30.3709], [77.5683, 30.3983], [77.5674, 30.3942]], [[77.5401, 30.2911], [77.5704, 30.3112], [77.592, 30.3709], [77.5401, 30.2911]], [[77.4153, 30.1567], [77.398, 30.1187], [77.4183, 30.1584], [77.4153, 30.1567]], [[77.1802, 29.9062], [77.1524, 29.7933], [77.1868, 29.9139], [77.1802, 29.9062]], [[77.0856, 29.6008], [77.1313, 29.663], [77.1256, 29.6737], [77.0856, 29.6008]], [[77.1171, 29.4795], [77.1199, 29.4973], [77.0849, 29.5336], [77.1171, 29.4795]], [[77.1169, 29.3767], [77.119, 29.3588], [77.1468, 29.3898], [77.1169, 29.3767]], [[77.12, 29.3498], [77.1539, 29.3355], [77.1193, 29.3561], [77.12, 29.3498]], [[77.1901, 28.9557], [77.2142, 29.006], [77.2139, 29.0063], [77.1901, 28.9557]], [[77.1434, 28.8433], [77.1954, 28.8633], [77.1854, 28.8761], [77.1434, 28.8433]], [[77.2173, 28.8353], [77.2173, 28.8353], [77.2173, 28.8353], [77.2173, 28.8353]], [[77.1969, 28.7953], [77.2849, 28.7125], [77.3235, 28.7159], [77.2849, 28.7125], [77.1969, 28.7953]], [[77.3112, 28.6446], [77.3112, 28.6446], [77.3217, 28.7054], [77.3112, 28.6446]], [[77.2936, 28.5797], [77.301, 28.5679], [77.3329, 28.6135], [77.2936, 28.5797]], [[77.3377, 28.509], [77.3537, 28.4977], [77.3261, 28.5277], [77.3377, 28.509]], [[77.49, 28.2995], [77.4958, 28.307], [77.4638, 28.338], [77.49, 28.2995]], [[77.4648, 28.2774], [77.4716, 28.2753], [77.4785, 28.2843], [77.4648, 28.2774]], [[77.5345, 28.2431], [77.5412, 28.2477], [77.5368, 28.2491], [77.5345, 28.2431]], [[77.4504, 27.8872], [77.4585, 27.8853], [77.4777, 27.9402], [77.4504, 27.8872]], [[77.2714, 27.8117], [77.278, 27.8084], [77.3393, 27.8596], [77.2714, 27.8117]], [[77.3028, 27.7733], [77.3041, 27.788], [77.2975, 27.7924], [77.3028, 27.7733]], [[77.3384, 27.6821], [77.3365, 27.6962], [77.3359, 27.6965], [77.3384, 27.6821]], [[77.3112, 27.6117], [77.3423, 27.653], [77.3419, 27.656], [77.3112, 27.6117]], [[77.4984, 27.0952], [77.5097, 27.0814], [77.5034, 27.0967], [77.4984, 27.0952]], [[77.5214, 27.0672], [77.5657, 27.078], [77.5183, 27.071], [77.5214, 27.0672]], [[77.6752, 27.0484], [77.7123, 27.0003], [77.6782, 27.0505], [77.6752, 27.0484]], [[77.7223, 27.0003], [77.7265, 27.0315], [77.7148, 27.0003], [77.7223, 27.0003]], [[77.4535, 26.7697], [77.456, 26.7804], [77.4286, 26.7701], [77.4535, 26.7697]], [[77.4933, 26.767], [77.498, 26.8479], [77.4818, 26.7618], [77.4933, 26.767]], [[78.1145, 26.9533], [78.1113, 26.9532], [78.1015, 26.905], [78.1145, 26.9533]], [[78.2052, 26.9389], [78.2159, 26.954], [78.1236, 26.9533], [78.2052, 26.9389]], [[78.1718, 26.8314], [78.2609, 26.8209], [78.2065, 26.8455], [78.1718, 26.8314]], [[78.356, 26.8683], [78.3514, 26.8744], [78.2821, 26.8641], [78.356, 26.8683]], [[79.0768, 26.3627], [79.1337, 26.345], [79.0774, 26.3658], [79.0768, 26.3627]], [[79.1125, 26.3143], [79.1266, 26.316], [79.1208, 26.3262], [79.1125, 26.3143]], [[79.051, 26.2432], [79.0627, 26.2469], [79.037, 26.267], [79.051, 26.2432]], [[79.0204, 26.2343], [79.0202, 26.2332], [79.0232, 26.2341], [79.0204, 26.2343]], [[78.2197, 24.5228], [78.2696, 24.4762], [78.2226, 24.5253], [78.2197, 24.5228]], [[78.326, 24.3296], [78.3313, 24.3244], [78.3271, 24.3315], [78.326, 24.3296]], [[78.3824, 24.2739], [78.3979, 24.281], [78.357, 24.299], [78.3824, 24.2739]], [[78.4348, 24.2977], [78.5054, 24.3939], [78.4179, 24.29], [78.4348, 24.2977]], [[78.8837, 25.5536], [78.8744, 25.557], [78.876, 25.5243], [78.8837, 25.5536]], [[78.9334, 25.5528], [78.9307, 25.5597], [78.9264, 25.554], [78.9334, 25.5528]], [[78.9164, 25.5208], [78.9419, 25.5312], [78.9364, 25.5451], [78.9164, 25.5208]], [[78.7833, 25.3032], [78.7913, 25.3022], [78.8435, 25.3324], [78.7833, 25.3032]], [[78.9534, 25.3477], [78.9529, 25.3499], [78.9496, 25.3475], [78.9534, 25.3477]], [[78.8722, 25.2508], [78.8741, 25.2163], [78.8757, 25.252], [78.8722, 25.2508]], [[78.8771, 25.1622], [78.9483, 25.2202], [78.8767, 25.1695], [78.8771, 25.1622]], [[79.1243, 25.1119], [79.1282, 25.1123], [79.1238, 25.1191], [79.1243, 25.1119]], [[79.2402, 25.1595], [79.2358, 25.161], [79.2139, 25.1484], [79.2402, 25.1595]], [[79.2595, 25.1434], [79.2592, 25.1533], [79.25, 25.1563], [79.2595, 25.1434]], [[79.2765, 25.1203], [79.2873, 25.1292], [79.2728, 25.1254], [79.2765, 25.1203]], [[79.2989, 25.2761], [79.31, 25.2619], [79.3401, 25.2728], [79.2989, 25.2761]], [[79.2596, 25.2792], [79.2595, 25.2714], [79.2699, 25.2784], [79.2596, 25.2792]], [[79.303, 25.3391], [79.2947, 25.3402], [79.2601, 25.3102], [79.303, 25.3391]], [[79.4311, 25.1075], [79.4311, 25.1354], [79.4151, 25.1391], [79.4311, 25.1075]], [[79.8492, 25.097], [79.849, 25.1013], [79.7456, 25.1439], [79.8492, 25.097]], [[79.8722, 25.1485], [79.8718, 25.1501], [79.8477, 25.1334], [79.8722, 25.1485]], [[80.2669, 25.0302], [80.2787, 25.0236], [80.282, 25.0632], [80.2669, 25.0302]], [[80.3141, 25.0035], [80.3368, 25.015], [80.283, 25.0211], [80.3141, 25.0035]], [[80.3874, 25.0124], [80.3658, 25.0578], [80.3801, 25.0159], [80.3874, 25.0124]], [[80.4422, 25.081], [80.4407, 25.0821], [80.4342, 25.0799], [80.4422, 25.081]], [[80.5434, 25.0677], [80.5095, 25.101], [80.4761, 25.1023], [80.5434, 25.0677]], [[82.4489, 24.6779], [82.4323, 24.7063], [82.4248, 24.7008], [82.4489, 24.6779]], [[82.6574, 24.1348], [82.6643, 24.1275], [82.6709, 24.1585], [82.6574, 24.1348]], [[82.742, 24.0214], [82.7479, 24.0197], [82.7663, 24.0779], [82.742, 24.0214]], [[82.8029, 23.9597], [82.8904, 23.908], [82.8075, 23.9628], [82.8029, 23.9597]], [[82.6413, 23.851], [82.652, 23.8565], [82.6525, 23.8625], [82.6413, 23.851]], [[82.5274, 23.8241], [82.586, 23.8229], [82.6129, 23.8366], [82.5274, 23.8241]], [[82.5095, 23.7875], [82.5162, 23.7842], [82.5445, 23.7942], [82.5095, 23.7875]], [[81.8292, 23.8201], [81.8529, 23.8243], [81.9164, 23.873], [81.8292, 23.8201]], [[81.7191, 23.8404], [81.7827, 23.8118], [81.7971, 23.8144], [81.7191, 23.8404]], [[81.5969, 23.889], [81.6028, 23.8728], [81.6078, 23.8952], [81.5969, 23.889]], [[81.6397, 23.7711], [81.6873, 23.7213], [81.623, 23.8171], [81.6397, 23.7711]], [[80.5932, 21.3248], [80.6565, 21.3308], [80.6597, 21.3368], [80.5932, 21.3248]], [[80.6034, 21.2274], [80.673, 21.2983], [80.6698, 21.3045], [80.6034, 21.2274]], [[80.4573, 21.1728], [80.4562, 21.1695], [80.6034, 21.2274], [80.4573, 21.1728]], [[80.4556, 20.9321], [80.4574, 20.9321], [80.4238, 21.0096], [80.4556, 20.9321]], [[80.4105, 19.2502], [80.437, 19.2611], [80.44, 19.2669], [80.4105, 19.2502]], [[80.3792, 19.2326], [80.3867, 19.189], [80.3836, 19.2351], [80.3792, 19.2326]], [[80.3454, 18.8145], [80.3478, 18.8159], [80.3438, 18.8216], [80.3454, 18.8145]], [[80.2422, 18.7597], [80.2448, 18.7553], [80.305, 18.7908], [80.2422, 18.7597]], [[80.3418, 18.5864], [80.4111, 18.6068], [80.3406, 18.5887], [80.3418, 18.5864]], [[80.6327, 18.5188], [80.4884, 18.6267], [80.4862, 18.6261], [80.6327, 18.5188]], [[80.7333, 18.2188], [80.7883, 18.2498], [80.7859, 18.2526], [80.7333, 18.2188]], [[81.0324, 17.7897], [81.0356, 17.7895], [81.0298, 17.7986], [81.0324, 17.7897]], [[81.2634, 17.8105], [81.301, 17.809], [81.2603, 17.8117], [81.2634, 17.8105]], [[81.3844, 17.8058], [81.4612, 17.8229], [81.385, 17.8066], [81.3938, 17.8851], [81.3844, 17.8058]], [[81.4858, 17.8026], [81.5687, 17.8279], [81.4848, 17.8039], [81.4858, 17.8026]], [[81.6883, 17.8848], [81.6631, 17.8769], [81.6112, 17.8154], [81.6883, 17.8848]], [[81.7583, 17.8934], [81.801, 17.9361], [81.7032, 17.8611], [81.7583, 17.8934]], [[82.1317, 18.0466], [82.1133, 18.0578], [82.0247, 18.0579], [82.1317, 18.0466]], [[82.1774, 18.0106], [82.2417, 17.9798], [82.1712, 18.0226], [82.1774, 18.0106]], [[82.267, 18.0409], [82.2582, 18.0349], [82.2673, 17.9864], [82.267, 18.0409]], [[82.3024, 18.0478], [82.2979, 18.062], [82.2776, 18.0481], [82.3024, 18.0478]], [[82.3363, 18.0473], [82.3334, 18.1424], [82.33, 18.0474], [82.3363, 18.0473]], [[82.3576, 18.1251], [82.3628, 18.1352], [82.3334, 18.1424], [82.3576, 18.1251]], [[82.3652, 18.1397], [82.3061, 18.1957], [82.3632, 18.136], [82.3652, 18.1397]], [[82.6317, 18.2285], [82.6588, 18.2866], [82.6283, 18.2313], [82.6317, 18.2285]], [[83.0562, 18.3773], [83.0598, 18.4286], [83.0536, 18.3769], [83.0562, 18.3773]], [[83.8392, 18.8902], [83.8403, 18.9041], [83.8324, 18.9059], [83.8392, 18.8902]], [[83.8702, 18.8184], [83.8765, 18.8178], [83.8641, 18.8326], [83.8702, 18.8184]], [[84.4717, 18.9812], [84.4151, 19.0139], [84.4151, 19.0139], [84.4717, 18.9812]], [[84.5661, 19.065], [84.5901, 19.0134], [84.5661, 19.065], [84.4894, 19.021], [84.5661, 19.065]], [[84.6646, 19.0663], [84.6646, 19.0663], [84.6221, 19.0569], [84.6646, 19.0663]], [[84.7052, 19.149], [84.7052, 19.149], [84.665, 19.1567], [84.7052, 19.149]], [[84.6975, 19.1088], [84.7182, 19.0966], [84.6987, 19.1149], [84.6975, 19.1088]], [[71.4883, 24.6739], [71.3831, 24.6217], [71.5212, 24.673], [71.4883, 24.6739]], [[72.1207, 24.6357], [72.1014, 24.6449], [72.1019, 24.6433], [72.1207, 24.6357]], [[72.23, 24.6329], [72.1701, 24.6158], [72.1859, 24.6094], [72.23, 24.6329]], [[72.9633, 24.3837], [72.9915, 24.364], [72.9661, 24.3903], [72.9633, 24.3837]], [[73.0003, 24.4706], [72.9772, 24.4163], [73.0061, 24.47], [73.0003, 24.4706]], [[73.0944, 24.4947], [73.051, 24.4653], [73.0954, 24.4896], [73.0944, 24.4947]], [[73.9473, 23.3735], [73.9389, 23.3414], [73.9589, 23.3753], [73.9473, 23.3735]], [[73.971, 23.3771], [73.9657, 23.3763], [73.9908, 23.3376], [73.971, 23.3771]], [[74.1017, 23.2957], [74.0445, 23.2961], [74.1035, 23.2942], [74.1017, 23.2957]], [[74.1338, 23.2695], [74.1202, 23.2806], [74.1336, 23.2672], [74.1338, 23.2695]], [[74.3228, 23.0627], [74.2825, 23.095], [74.3318, 23.0471], [74.3228, 23.0627]], [[74.3708, 22.9801], [74.3669, 22.9867], [74.3698, 22.9796], [74.3708, 22.9801]], [[74.1382, 21.9534], [74.1967, 21.9277], [74.1475, 21.9601], [73.8105, 21.8233], [74.1382, 21.9534]], [[73.8374, 21.7754], [73.845, 21.7907], [73.8105, 21.8233], [73.8374, 21.7754]], [[73.8964, 21.7003], [73.8599, 21.7353], [73.892, 21.6781], [73.8964, 21.7003]], [[73.8856, 21.6451], [73.8879, 21.6569], [73.8741, 21.6427], [73.8856, 21.6451]], [[73.9613, 21.5265], [73.8608, 21.4958], [73.9573, 21.5165], [73.9613, 21.5265]], [[73.9844, 21.5336], [73.9753, 21.5308], [73.9857, 21.5214], [73.9844, 21.5336]], [[74.0692, 21.5595], [74.0517, 21.5541], [74.1762, 21.5614], [74.0692, 21.5595]], [[74.1829, 21.5616], [74.182, 21.5615], [74.2052, 21.5292], [74.1829, 21.5616]], [[74.3059, 21.4794], [74.3099, 21.4876], [74.2843, 21.476], [74.3059, 21.4794]], [[74.2257, 21.4666], [74.2472, 21.47], [74.231, 21.4798], [74.2257, 21.4666]], [[74.109, 21.448], [74.1107, 21.4483], [74.0672, 21.4819], [74.109, 21.448]], [[73.6368, 20.5793], [73.6707, 20.5623], [73.6254, 20.6152], [73.6368, 20.5793]], [[73.5384, 20.6739], [73.6114, 20.6316], [73.6073, 20.6363], [73.5384, 20.6739]], [[73.4399, 20.6648], [73.4576, 20.7114], [73.4537, 20.7105], [73.4399, 20.6648]], [[73.4404, 20.5951], [73.4545, 20.5911], [73.4027, 20.6426], [73.4404, 20.5951]], [[73.5007, 20.5402], [73.4814, 20.5615], [73.4818, 20.5434], [73.5007, 20.5402]], [[73.4148, 20.3816], [73.4025, 20.377], [73.4206, 20.3554], [73.4148, 20.3816]], [[73.4369, 20.2821], [73.4239, 20.3404], [73.4293, 20.221], [73.4369, 20.2821]], [[73.4268, 20.2016], [73.4274, 20.2063], [73.3111, 20.2072], [73.4268, 20.2016]], [[73.2595, 20.1246], [73.2936, 20.1539], [73.3111, 20.2072], [73.2595, 20.1246]], [[73.2145, 20.1091], [73.2252, 20.1276], [73.2067, 20.1292], [73.2145, 20.1091]], [[73.1961, 20.1561], [73.2264, 20.1857], [73.1961, 20.1561], [73.1961, 20.1561]], [[73.1519, 20.2055], [73.2196, 20.189], [73.1802, 20.2086], [73.1519, 20.2055]], [[73.1482, 20.1877], [73.146, 20.2048], [73.1422, 20.2044], [73.1482, 20.1877]], [[73.1501, 20.1728], [73.1499, 20.1741], [73.1474, 20.1722], [73.1501, 20.1728]], [[73.0824, 20.1566], [73.0986, 20.1605], [73.0801, 20.1626], [73.0824, 20.1566]], [[73.0642, 20.2032], [73.0735, 20.1794], [73.0758, 20.2139], [73.0642, 20.2032]], [[73.1582, 20.2905], [73.1202, 20.2551], [73.175, 20.2872], [73.1582, 20.2905]], [[73.1785, 20.2914], [73.1787, 20.2894], [73.1795, 20.2899], [73.1785, 20.2914]], [[73.1129, 20.3049], [73.1655, 20.311], [73.1614, 20.3172], [73.1129, 20.3049]], [[73.1074, 20.3607], [73.1129, 20.3049], [73.1129, 20.3049], [73.1074, 20.3607]], [[73.0205, 20.2909], [73.0205, 20.2909], [72.9905, 20.2921], [73.0205, 20.2909]], [[72.946, 20.2934], [72.9841, 20.2717], [72.946, 20.2934], [72.946, 20.2934]], [[72.9256, 20.2771], [72.946, 20.2934], [72.9246, 20.2787], [72.9256, 20.2771]], [[72.9355, 20.2621], [72.9732, 20.1308], [72.9849, 20.118], [72.9745, 20.2258], [72.9355, 20.2621]], [[72.8371, 20.4223], [72.8449, 20.4183], [72.839, 20.4254], [72.8371, 20.4223]], [[70.7349, 20.9876], [70.7696, 20.9621], [70.7355, 20.9898], [70.7349, 20.9876]], [[70.887, 20.9452], [70.8835, 20.9474], [70.8901, 20.9314], [70.887, 20.9452]], [[70.9002, 20.8857], [70.8978, 20.8967], [70.8888, 20.8809], [70.9002, 20.8857]], [[75.2231, 12.1048], [75.2235, 12.1009], [75.2745, 12.1003], [75.2231, 12.1048]], [[75.3968, 12.1348], [75.3252, 12.1449], [75.3233, 12.1432], [75.3968, 12.1348]], [[75.2728, 12.0205], [75.2987, 12.0035], [75.3332, 12.0101], [75.2993, 12.0157], [75.3393, 12.0476], [75.3071, 12.0343], [75.3091, 12.1027], [75.3015, 12.0246], [75.2728, 12.0205]], [[75.2668, 12.0155], [75.2676, 12.0197], [75.2646, 12.0193], [75.2668, 12.0155]], [[74.2701, 14.9666], [74.2617, 14.9908], [74.2701, 14.9666], [74.2118, 14.9214], [74.2701, 14.9666]], [[74.1866, 14.9534], [74.1827, 14.9507], [74.2118, 14.9214], [74.1866, 14.9534]], [[74.1799, 14.9488], [74.1661, 14.9394], [74.1754, 14.9089], [74.1799, 14.9488]], [[74.1394, 14.9205], [74.112, 14.9043], [74.1754, 14.9089], [74.1394, 14.9205]], [[73.7978, 15.7253], [73.833, 15.7378], [73.855, 15.7782], [73.7978, 15.7253]], [[73.8683, 15.7905], [73.88, 15.7617], [73.8735, 15.7953], [73.8683, 15.7905]], [[73.8852, 15.749], [73.8859, 15.7473], [73.9454, 15.7415], [73.8852, 15.749]], [[73.9693, 15.6443], [73.9728, 15.6405], [73.9454, 15.7415], [73.9693, 15.6443]], [[73.9898, 15.6225], [74.0024, 15.6091], [74.0128, 15.6117], [73.9898, 15.6225]], [[74.1228, 15.6452], [74.0894, 15.6309], [74.1617, 15.6491], [74.0965, 15.6708], [74.1228, 15.6452]], [[74.1642, 15.6497], [74.1734, 15.6521], [74.1901, 15.681], [74.1642, 15.6497]], [[73.1891, 20.0649], [73.1179, 20.0838], [73.1814, 20.0516], [73.1891, 20.0649]], [[73.0606, 20.0991], [73.0606, 20.0991], [73.0606, 20.0991], [73.0606, 20.0991]], [[73.0465, 20.074], [73.0102, 20.1104], [73.0453, 20.0718], [73.0465, 20.074]], [[72.9872, 20.1155], [73.0104, 20.1295], [73.0105, 20.1402], [72.9872, 20.1155]], [[76.6516, 28.0939], [76.7915, 28.1572], [76.6512, 28.0968], [76.6516, 28.0939]], [[76.8572, 28.2237], [76.8737, 28.2164], [76.8636, 28.2246], [76.8572, 28.2237]], [[76.8939, 28.1998], [76.884, 28.1917], [76.9618, 28.144], [76.8939, 28.1998]], [[76.9038, 27.8327], [76.8841, 27.7309], [76.8845, 27.7305], [76.9038, 27.8327]], [[76.8809, 27.6994], [76.9026, 27.6585], [76.9037, 27.6591], [76.8809, 27.6994]], [[77.1938, 27.8219], [77.2317, 27.7858], [77.2331, 27.7871], [77.1938, 27.8219]], [[78.168, 26.8299], [78.1609, 26.827], [78.1732, 26.8052], [78.168, 26.8299]], [[78.1756, 26.7937], [78.1508, 26.7948], [78.1761, 26.7915], [78.1756, 26.7937]], [[78.1042, 26.7968], [78.0998, 26.797], [78.1022, 26.7909], [78.1042, 26.7968]], [[75.0434, 24.8592], [74.9383, 24.887], [74.9448, 24.8779], [75.0434, 24.8592]], [[74.9145, 24.9202], [74.9129, 24.9284], [74.9036, 24.9354], [74.9145, 24.9202]], [[74.8982, 24.9395], [74.8847, 24.9498], [74.8672, 24.9369], [74.8982, 24.9395]], [[74.8473, 24.9726], [74.8464, 24.9743], [74.8451, 24.9719], [74.8473, 24.9726]], [[74.8343, 24.9501], [74.8236, 24.9285], [74.8398, 24.8907], [74.8343, 24.9501]], [[74.8704, 24.8078], [74.9169, 24.7872], [74.8781, 24.8132], [74.8704, 24.8078]], [[75.0071, 24.7961], [75.0202, 24.7528], [75.0214, 24.7729], [75.0071, 24.7961]], [[73.8895, 29.9777], [73.8894, 29.9776], [73.8895, 29.9776], [73.8895, 29.9777]], [[74.5246, 29.9516], [74.1867, 29.9614], [74.5191, 29.9433], [74.505, 29.9078], [74.5246, 29.9516]], [[78.5244, 12.6797], [78.5264, 12.7012], [78.4844, 12.7348], [78.5244, 12.6797]], [[79.9976, 13.5195], [79.9902, 13.5101], [80.036, 13.4845], [79.9976, 13.5195]], [[80.0077, 13.5324], [80.0758, 13.5268], [80.1521, 13.4789], [80.0694, 13.5376], [80.0077, 13.5324]], [[80.2334, 13.4709], [80.2303, 13.4768], [80.1521, 13.4789], [80.2334, 13.4709]], [[79.7087, 11.9779], [79.7099, 11.9762], [79.7496, 11.9861], [79.7087, 11.9779]], [[79.7319, 10.987], [79.7326, 10.9849], [79.7385, 10.9845], [79.7319, 10.987]], [[79.7037, 10.9519], [79.7212, 10.9353], [79.7037, 10.9519], [79.7037, 10.9519]], [[74.4819, 16.087], [74.4843, 16.0894], [74.4346, 16.1106], [74.4819, 16.087]], [[74.4858, 16.147], [74.4964, 16.1016], [74.5002, 16.1755], [74.4858, 16.147]], [[74.5031, 16.231], [74.4899, 16.2378], [74.5024, 16.2182], [74.5031, 16.231]], [[74.4217, 16.2724], [74.4225, 16.2575], [74.466, 16.2499], [74.4217, 16.2724]], [[74.3801, 16.2935], [74.3696, 16.2891], [74.3979, 16.2845], [74.3801, 16.2935]], [[74.3392, 16.2765], [74.3338, 16.2681], [74.3415, 16.2775], [74.3392, 16.2765]], [[74.2781, 16.5369], [74.2716, 16.5387], [74.2858, 16.5034], [74.2781, 16.5369]], [[74.3141, 16.5021], [74.3069, 16.5292], [74.2847, 16.5351], [74.3141, 16.5021]], [[77.5669, 18.3179], [77.5195, 18.3493], [77.5639, 18.3133], [77.5669, 18.3179]], [[77.5392, 18.4314], [77.5259, 18.4274], [77.5552, 18.4179], [77.5392, 18.4314]], [[77.7481, 18.6053], [77.7337, 18.6477], [77.7365, 18.5548], [77.7481, 18.6053]], [[77.7576, 18.7071], [77.7329, 18.676], [77.733, 18.6713], [77.7576, 18.7071]], [[79.9091, 18.8067], [79.9159, 18.804], [79.894, 18.8308], [79.9091, 18.8067]], [[80.189, 18.6756], [80.2315, 18.6985], [80.1711, 18.6873], [80.189, 18.6756]], [[81.7305, 17.8053], [81.7824, 17.832], [81.7928, 17.8525], [81.7305, 17.8053]], [[81.6231, 17.7628], [81.5766, 17.7261], [81.656, 17.7669], [81.6231, 17.7628]], [[81.3944, 17.3595], [81.4156, 17.3616], [81.4278, 17.3752], [81.3944, 17.3595]], [[81.3718, 17.3572], [81.3304, 17.3921], [81.3274, 17.3887], [81.3718, 17.3572]], [[81.1903, 17.3274], [81.1888, 17.322], [81.2672, 17.32], [81.1903, 17.3274]], [[80.3742, 17.0631], [80.3744, 17.0621], [80.3951, 17.0776], [80.3742, 17.0631]], [[80.3869, 17.0115], [80.3887, 17.0141], [80.3839, 17.0234], [80.3869, 17.0115]], [[78.0363, 15.9021], [78.0322, 15.897], [78.0637, 15.8446], [78.0363, 15.9021]], [[77.6343, 15.893], [77.6064, 15.9117], [77.4226, 15.9286], [77.6343, 15.893]], [[77.1806, 15.9501], [77.0768, 15.9097], [77.2115, 15.9473], [77.1806, 15.9501]], [[77.0471, 15.725], [77.0763, 15.7214], [77.0484, 15.7325], [77.0471, 15.725]], [[77.0759, 15.6909], [77.1011, 15.6745], [77.0763, 15.7214], [77.0759, 15.6909]], [[77.1195, 15.6378], [77.1209, 15.6372], [77.1199, 15.6392], [77.1195, 15.6378]], [[77.158, 15.1796], [77.1582, 15.1938], [77.1529, 15.1977], [77.158, 15.1796]], [[77.1321, 15.1427], [77.1577, 15.149], [77.1578, 15.1581], [77.1321, 15.1427]], [[77.0753, 14.2093], [77.0921, 14.2116], [77.0496, 14.2395], [77.0753, 14.2093]], [[77.1051, 14.2133], [77.1085, 14.2505], [77.0961, 14.2121], [77.1051, 14.2133]], [[77.147, 14.3313], [77.1355, 14.334], [77.1263, 14.3055], [77.147, 14.3313]], [[77.3838, 14.1918], [77.388, 14.1945], [77.3554, 14.23], [77.3838, 14.1918]], [[77.4118, 14.3222], [77.3949, 14.3292], [77.392, 14.3242], [77.4118, 14.3222]], [[77.4436, 14.2776], [77.4423, 14.3098], [77.428, 14.3156], [77.4436, 14.2776]], [[77.4975, 14.2627], [77.4963, 14.2718], [77.4895, 14.2725], [77.4975, 14.2627]], [[77.5004, 14.151], [77.5104, 14.172], [77.4995, 14.249], [77.5004, 14.151]], [[77.4097, 14.1697], [77.4015, 14.1637], [77.5004, 14.151], [77.4097, 14.1697]], [[77.3477, 14.1243], [77.3767, 14.1296], [77.3846, 14.1514], [77.3477, 14.1243]], [[77.3917, 13.8823], [77.3919, 13.8799], [77.3943, 13.8815], [77.3917, 13.8823]], [[76.9939, 13.7415], [77.0114, 13.7327], [76.9938, 13.7419], [76.9939, 13.7415]], [[77.4448, 13.6958], [77.4508, 13.6923], [77.4575, 13.7971], [77.4448, 13.6958]], [[77.4765, 13.6776], [77.477, 13.679], [77.4745, 13.6787], [77.4765, 13.6776]], [[77.6212, 13.7274], [77.6273, 13.7305], [77.5956, 13.7436], [77.6212, 13.7274]], [[77.6367, 13.7352], [77.6105, 13.7554], [77.6279, 13.7308], [77.6367, 13.7352]], [[78.1074, 13.8447], [78.106, 13.8535], [78.0412, 13.8867], [78.1074, 13.8447]], [[78.4214, 12.9235], [78.4393, 12.9076], [78.4227, 12.9686], [78.4214, 12.9235]], [[78.2411, 12.8474], [78.2206, 12.7526], [78.2267, 12.7181], [78.2289, 12.7202], [78.2411, 12.8474]], [[75.2734, 12.5451], [75.2754, 12.556], [75.2709, 12.5535], [75.2734, 12.5451]], [[75.3348, 12.4902], [75.2756, 12.5373], [75.2811, 12.5181], [75.3348, 12.4902]], [[75.3403, 12.4595], [75.3348, 12.4902], [75.3368, 12.4578], [75.3403, 12.4595]], [[75.4214, 12.3667], [75.4214, 12.3667], [75.4191, 12.2864], [75.4214, 12.3667]], [[75.6606, 12.0946], [75.6351, 12.1424], [75.6582, 12.0943], [75.6606, 12.0946]], [[75.7997, 12.0712], [75.7965, 12.0708], [75.827, 11.978], [75.7997, 12.0712]], [[75.9982, 11.9236], [75.8714, 11.9447], [75.8767, 11.9407], [75.9982, 11.9236]], [[76.184, 11.8638], [76.1159, 11.8525], [76.1165, 11.843], [76.184, 11.8638]], [[76.4099, 11.6771], [76.4089, 11.71], [76.3964, 11.7011], [76.4099, 11.6771]], [[76.4178, 11.6628], [76.4237, 11.6523], [76.4514, 11.6551], [76.4178, 11.6628]], [[77.7576, 12.1214], [77.7665, 12.1085], [77.767, 12.1091], [77.7576, 12.1214]], [[77.6604, 12.1762], [77.7223, 12.1679], [77.7195, 12.1715], [77.6604, 12.1762]], [[77.4657, 12.2023], [77.4788, 12.2005], [77.4679, 12.2316], [77.4657, 12.2023]], [[77.4702, 12.2619], [77.4696, 12.2545], [77.4747, 12.2632], [77.4702, 12.2619]], [[77.607, 12.3645], [77.6054, 12.3592], [77.6063, 12.3603], [77.607, 12.3645]], [[78.0015, 12.7954], [77.9456, 12.8493], [77.9814, 12.7956], [78.0015, 12.7954]], [[76.4136, 11.6231], [76.4248, 11.6233], [76.4246, 11.6286], [76.4136, 11.6231]], [[76.2979, 11.5643], [76.3501, 11.5827], [76.36, 11.5959], [76.2979, 11.5643]], [[76.7065, 11.0314], [76.757, 11.0246], [76.7925, 11.0424], [76.7065, 11.0314]], [[77.1878, 10.0925], [77.2481, 10.0202], [77.19, 10.0933], [77.1878, 10.0925]], [[77.2475, 8.5014], [77.2652, 8.5374], [77.2639, 8.5398], [77.2475, 8.5014]], [[77.6752, 17.5031], [77.6566, 17.5213], [77.5917, 17.5327], [77.6752, 17.5031]], [[77.684, 17.4729], [77.687, 17.4916], [77.6869, 17.4916], [77.684, 17.4729]], [[77.565, 16.2977], [77.5903, 16.2869], [77.5904, 16.2906], [77.565, 16.2977]], [[74.4367, 22.0255], [74.4486, 21.9711], [74.446, 22.0265], [74.4367, 22.0255]], [[74.5275, 21.9088], [74.5036, 21.8072], [74.5114, 21.7286], [74.5275, 21.9088]], [[74.5116, 21.7267], [74.5118, 21.725], [74.5438, 21.7201], [74.5116, 21.7267]], [[74.5573, 21.6835], [74.5588, 21.6827], [74.5518, 21.7185], [74.5573, 21.6835]], [[74.5608, 21.6815], [74.5906, 21.6642], [74.7766, 21.6147], [74.5608, 21.6815]], [[74.7903, 21.6111], [74.7931, 21.6103], [74.9019, 21.6302], [74.7903, 21.6111]], [[75.1209, 21.4569], [75.123, 21.4533], [75.2199, 21.4109], [75.1209, 21.4569]], [[75.3009, 21.4014], [75.3019, 21.3892], [75.3361, 21.3973], [75.3009, 21.4014]], [[75.8455, 21.3958], [75.9381, 21.3961], [75.8881, 21.3996], [75.8455, 21.3958]], [[75.9633, 21.3944], [76.0524, 21.3527], [75.9687, 21.394], [75.9633, 21.3944]], [[76.1286, 21.1705], [76.1143, 21.1705], [76.1166, 21.1657], [76.1286, 21.1705]], [[76.1232, 21.152], [76.1686, 21.0858], [76.1715, 21.0861], [76.1232, 21.152]], [[76.2761, 21.0809], [76.2818, 21.0753], [76.3764, 21.0773], [76.2761, 21.0809]], [[76.4527, 21.1149], [76.4903, 21.196], [76.4874, 21.1961], [76.4527, 21.1149]], [[80.4034, 21.3765], [80.4404, 21.3721], [80.4443, 21.387], [80.4034, 21.3765]], [[80.482, 21.3967], [80.4884, 21.3957], [80.4855, 21.3976], [80.482, 21.3967]], [[74.2012, 21.9257], [74.2016, 21.9255], [74.2542, 21.9318], [74.2012, 21.9257]], [[74.2906, 21.9361], [74.3038, 21.9678], [74.302, 21.9674], [74.2906, 21.9361]], [[74.373, 22.0015], [74.42, 22.0237], [74.3883, 22.0202], [74.373, 22.0015]], [[82.2177, 16.7517], [82.1746, 16.7251], [82.218, 16.7483], [82.2177, 16.7517]], [[82.2667, 16.7217], [82.2547, 16.7208], [82.2637, 16.7194], [82.2667, 16.7217]], [[82.2197, 16.7265], [82.2184, 16.7432], [82.211, 16.7279], [82.2197, 16.7265]], [[74.647, 29.9047], [74.6447, 29.9104], [74.6418, 29.9067], [74.647, 29.9047]], [[76.9303, 30.3926], [76.8888, 30.4411], [76.9263, 30.39], [76.9303, 30.3926]], [[76.83, 30.6654], [76.8348, 30.6558], [76.8622, 30.6793], [76.83, 30.6654]], [[76.8468, 30.7925], [76.8057, 30.7655], [76.8282, 30.7638], [76.8229, 30.6797], [76.8468, 30.7925]], [[76.7126, 30.9634], [76.7657, 30.8958], [76.8102, 30.9304], [76.7699, 30.9064], [76.7126, 30.9634]], [[76.8372, 30.8789], [76.8396, 30.8796], [76.8352, 30.8826], [76.8372, 30.8789]], [[77.1574, 30.6022], [77.1586, 30.6031], [77.1535, 30.6887], [77.1574, 30.6022]], [[77.4159, 30.4128], [77.4195, 30.4111], [77.4533, 30.4404], [77.4159, 30.4128]], [[77.435, 30.4037], [77.4868, 30.4126], [77.4242, 30.4089], [77.435, 30.4037]], [[76.8329, 28.5825], [76.8361, 28.5775], [76.8355, 28.5856], [76.8329, 28.5825]], [[76.9339, 28.6376], [76.8779, 28.6376], [76.9339, 28.6376], [76.9339, 28.6376]], [[76.9423, 28.8207], [76.9423, 28.8207], [77.0179, 28.8343], [76.9423, 28.8207]], [[77.0759, 28.8845], [77.1392, 28.8417], [77.142, 28.8427], [77.0759, 28.8845]], [[77.6791, 30.4517], [77.5746, 30.4265], [77.5732, 30.4202], [77.6791, 30.4517]], [[78.8623, 31.1124], [78.865, 31.1122], [78.8593, 31.1165], [78.8623, 31.1124]], [[78.9421, 31.105], [78.9832, 31.1145], [78.8985, 31.1091], [78.9421, 31.105]], [[78.9967, 31.1176], [78.9719, 31.1824], [78.9958, 31.1174], [78.9967, 31.1176]], [[76.7529, 30.7954], [76.7509, 30.7968], [76.7412, 30.7888], [76.7529, 30.7954]], [[76.7693, 30.777], [76.7748, 30.7786], [76.7653, 30.7858], [76.7693, 30.777]], [[76.7978, 30.7853], [76.8009, 30.7659], [76.7978, 30.7853], [76.7978, 30.7853]], [[76.736, 30.6921], [76.7385, 30.6892], [76.7944, 30.6693], [76.736, 30.6921]], [[76.6957, 30.7509], [76.6907, 30.7467], [76.7131, 30.7197], [76.6957, 30.7509]], [[75.8725, 32.5762], [75.8554, 32.5161], [75.9236, 32.6437], [75.8043, 32.4871], [75.8725, 32.5762]], [[75.8976, 32.4616], [75.9284, 32.4217], [75.9346, 32.4248], [75.8976, 32.4616]], [[76.6338, 31.2153], [76.6339, 31.2152], [76.6341, 31.2153], [76.6338, 31.2153]], [[75.3496, 32.3378], [75.415, 32.3243], [75.4722, 32.34], [75.3496, 32.3378]], [[75.5411, 32.3534], [75.6069, 32.3784], [75.5452, 32.3608], [75.5411, 32.3534]], [[75.6936, 32.4113], [75.7115, 32.4182], [75.7459, 32.4763], [75.6936, 32.4113]], [[76.8283, 33.2464], [76.7783, 33.2557], [76.766, 33.2524], [76.8283, 33.2464]], [[75.7923, 32.888], [75.7898, 32.8814], [75.9125, 32.7571], [75.7923, 32.888]], [[75.8286, 32.9299], [75.808, 32.9298], [75.7977, 32.9025], [75.8286, 32.9299]], [[75.9338, 32.8843], [75.8671, 32.9302], [75.843, 32.93], [75.9338, 32.8843]], [[75.9874, 32.9006], [76.0822, 32.9688], [75.9548, 32.8907], [75.9874, 32.9006]], [[76.5819, 33.2069], [76.5475, 33.2095], [76.5242, 33.2008], [76.5819, 33.2069]], [[76.7589, 33.2505], [76.7553, 33.2495], [76.7299, 33.1794], [76.7589, 33.2505]], [[89.8535, 26.5172], [89.8775, 26.5842], [89.8725, 26.5939], [89.8535, 26.5172]], [[89.7587, 26.2893], [89.7505, 26.3215], [89.782, 26.3533], [89.7505, 26.3215], [89.7587, 26.2893]], [[89.7174, 26.2995], [89.7176, 26.3014], [89.7157, 26.302], [89.7174, 26.2995]], [[89.732, 26.2123], [89.6972, 26.2172], [89.732, 26.2123], [89.732, 26.2123]], [[89.7342, 26.175], [89.6948, 26.1891], [89.7333, 26.1735], [89.7342, 26.175]], [[86.832, 22.0951], [86.9649, 22.078], [86.9572, 22.0834], [86.832, 22.0951]], [[86.9762, 22.0701], [87.02, 22.0337], [87.0176, 22.0413], [86.9762, 22.0701]], [[87.0935, 21.9079], [87.0946, 21.8603], [87.0935, 21.9079], [87.1583, 21.9305], [87.0935, 21.9079]], [[87.2699, 21.8101], [87.2716, 21.8034], [87.2926, 21.7988], [87.2699, 21.8101]], [[87.4437, 21.7609], [87.4429, 21.729], [87.4521, 21.7275], [87.4437, 21.7609]], [[88.2314, 26.3916], [88.2292, 26.3899], [88.2324, 26.389], [88.2314, 26.3916]], [[88.2632, 26.3803], [88.2701, 26.3784], [88.2676, 26.3812], [88.2632, 26.3803]], [[88.2745, 26.3734], [88.2785, 26.3432], [88.2919, 26.3539], [88.2745, 26.3734]], [[88.235, 26.3083], [88.1444, 26.2528], [88.0698, 26.1757], [88.235, 26.3083]], [[88.0131, 26.1409], [87.9641, 26.152], [88.0131, 26.1409], [88.0131, 26.1409]], [[87.9663, 26.1133], [87.9544, 26.1028], [87.9677, 26.0894], [87.9663, 26.1133]], [[87.968, 26.0832], [87.9311, 26.069], [87.9681, 26.0814], [87.968, 26.0832]], [[87.9129, 26.091], [87.9129, 26.091], [87.9311, 26.069], [87.9129, 26.091]], [[87.8299, 25.9355], [87.8421, 26.0445], [87.8299, 25.9355], [87.8036, 25.9207], [87.8299, 25.9355]], [[88.0729, 25.5039], [88.021, 25.5869], [88.0704, 25.4805], [88.0729, 25.5039]], [[87.9866, 25.5026], [88.0704, 25.4805], [87.9864, 25.5129], [87.9866, 25.5026]], [[87.9303, 25.5346], [87.926, 25.5362], [87.9254, 25.5354], [87.9303, 25.5346]], [[87.7832, 25.4439], [87.7813, 25.4447], [87.7712, 25.4266], [87.7832, 25.4439]], [[87.761, 25.4084], [87.7591, 25.405], [87.7888, 25.3722], [87.761, 25.4084]], [[87.8507, 25.2822], [87.8228, 25.2343], [87.8565, 25.2778], [87.8507, 25.2822]], [[87.7876, 25.2205], [87.7833, 25.2462], [87.7792, 25.1522], [87.7876, 25.2205]], [[87.7767, 25.0963], [87.7765, 25.0913], [87.877, 25.028], [87.7767, 25.0963]], [[87.6926, 24.1862], [87.69, 24.1545], [87.6925, 24.1545], [87.6926, 24.1862]], [[86.1448, 23.5678], [86.0469, 23.5839], [86.0451, 23.5823], [86.1448, 23.5678]], [[85.9439, 23.4546], [85.8741, 23.4762], [85.8702, 23.4694], [85.9439, 23.4546]], [[85.8656, 23.4614], [85.8595, 23.451], [85.8644, 23.44], [85.8656, 23.4614]], [[85.8264, 23.2631], [85.8316, 23.1951], [85.8322, 23.1951], [85.8264, 23.2631]], [[86.209, 22.9946], [86.2125, 22.9918], [86.2983, 23.0133], [86.209, 22.9946]], [[86.7599, 22.5724], [86.7953, 22.4903], [86.7986, 22.4988], [86.7599, 22.5724]], [[86.7486, 22.4756], [86.7927, 22.4834], [86.7483, 22.4787], [86.7486, 22.4756]], [[86.7503, 22.4611], [86.7515, 22.4507], [86.7605, 22.4304], [86.7503, 22.4611]], [[86.763, 22.425], [86.7639, 22.4229], [86.8439, 22.3961], [86.763, 22.425]], [[86.8851, 22.2947], [86.8857, 22.2521], [86.8862, 22.2941], [86.8851, 22.2947]], [[86.8001, 22.2136], [86.7794, 22.229], [86.776, 22.2138], [86.8001, 22.2136]], [[86.7533, 22.2126], [86.7786, 22.2295], [86.7759, 22.2315], [86.7533, 22.2126]], [[86.7227, 22.2145], [86.7208, 22.215], [86.7154, 22.1435], [86.7227, 22.2145]], [[81.8716, 20.0405], [81.9414, 20.1023], [81.8738, 20.0462], [81.8716, 20.0405]], [[82.3394, 19.83], [82.4416, 19.9024], [82.4395, 19.9029], [82.3394, 19.83]], [[82.5074, 19.8865], [82.5904, 19.8653], [82.5908, 19.8662], [82.5074, 19.8865]], [[82.6786, 19.8286], [82.7027, 19.831], [82.7031, 19.8437], [82.6786, 19.8286]], [[83.1908, 21.1384], [83.1927, 21.1394], [83.2184, 21.2601], [83.1908, 21.1384]], [[83.2677, 21.2686], [83.268, 21.2827], [83.2184, 21.2601], [83.2677, 21.2686]], [[83.2682, 21.2939], [83.27, 21.375], [83.2541, 21.3124], [83.2682, 21.2939]], [[83.5573, 22.1], [83.6207, 22.1973], [83.6193, 22.1964], [83.5573, 22.1]], [[85.0237, 22.112], [84.9805, 22.0913], [84.9828, 22.0865], [85.0237, 22.112]], [[84.983, 22.086], [84.9874, 22.0767], [85.0439, 22.1107], [84.983, 22.086]], [[85.3583, 22.1207], [85.3614, 22.1214], [85.3632, 22.1546], [85.3583, 22.1207]], [[85.4002, 22.1558], [85.3944, 22.1586], [85.3632, 22.1546], [85.4002, 22.1558]], [[85.5624, 22.0874], [85.5911, 22.0744], [85.6446, 22.0903], [85.5624, 22.0874]], [[86.0201, 22.3796], [86.0215, 22.3818], [86.0087, 22.4243], [86.0201, 22.3796]], [[85.9832, 22.4936], [86.022, 22.5205], [86.0385, 22.5636], [85.9832, 22.4936]], [[86.1109, 22.4841], [86.1119, 22.4829], [86.2798, 22.4455], [86.1109, 22.4841]], [[83.3276, 24.0996], [83.4254, 24.0838], [83.3255, 24.1055], [83.289, 24.0729], [83.3276, 24.0996]], [[83.393, 24.5012], [83.3814, 24.4557], [83.3948, 24.5016], [83.393, 24.5012]], [[83.4982, 24.5271], [83.4481, 24.5147], [83.5042, 24.5264], [83.4982, 24.5271]], [[84.293, 24.566], [84.2692, 24.5643], [84.2944, 24.5633], [84.293, 24.566]], [[87.0786, 24.8223], [87.0806, 24.8199], [87.151, 24.8584], [87.0786, 24.8223]], [[87.1468, 25.0243], [87.147, 25.0219], [87.1534, 25.031], [87.1468, 25.0243]], [[87.2114, 25.0896], [87.198, 25.0761], [87.2506, 25.1059], [87.2114, 25.0896]], [[87.4683, 25.1963], [87.3918, 25.2275], [87.4676, 25.1931], [87.4683, 25.1963]], [[87.4815, 25.2952], [87.486, 25.2849], [87.4878, 25.2937], [87.4815, 25.2952]], [[87.6047, 25.3144], [87.5801, 25.3484], [87.5999, 25.3147], [87.6047, 25.3144]], [[82.9875, 23.8766], [82.9445, 23.876], [82.9495, 23.873], [82.9875, 23.8766]], [[83.1896, 23.9211], [83.1113, 23.8885], [83.1274, 23.89], [83.1896, 23.9211]], [[84.3295, 22.8596], [84.3699, 22.8645], [84.3724, 22.8743], [84.3295, 22.8596]], [[83.5414, 24.6262], [83.4975, 24.6517], [83.5409, 24.625], [83.5414, 24.6262]], [[83.3574, 25.1242], [83.3161, 25.0273], [83.3208, 25.0245], [83.3574, 25.1242]], [[83.3386, 25.1854], [83.3359, 25.1836], [83.3363, 25.1825], [83.3386, 25.1854]], [[83.5361, 25.3156], [83.5347, 25.3152], [83.5194, 25.3051], [83.5361, 25.3156]], [[83.6224, 25.3295], [83.6323, 25.3387], [83.5528, 25.3196], [83.6224, 25.3295]], [[84.1161, 26.0749], [84.1131, 26.076], [84.1673, 26.0255], [84.1161, 26.0749]], [[84.0794, 26.2212], [84.0115, 26.2407], [84.014, 26.2326], [84.0794, 26.2212]], [[84.1573, 26.2441], [84.158, 26.2464], [84.113, 26.2619], [84.1573, 26.2441]], [[84.298, 26.7533], [84.3257, 26.6843], [84.4022, 26.6712], [84.3257, 26.6843], [84.298, 26.7533]], [[84.2092, 26.871], [84.2411, 26.8624], [84.234, 26.7395], [84.2411, 26.8624], [84.2092, 26.871]], [[84.052, 26.8917], [84.1408, 26.8876], [84.1317, 26.8557], [84.1408, 26.8876], [84.052, 26.8917], [84.0249, 26.9427], [84.052, 26.8917]], [[83.9851, 27.1818], [83.9394, 27.093], [83.9394, 27.093], [83.9851, 27.1818]], [[83.898, 27.2594], [83.898, 27.2594], [83.9545, 27.235], [83.898, 27.2594]], [[83.9236, 27.3164], [83.9143, 27.3171], [83.898, 27.2594], [83.9236, 27.3164]], [[83.8317, 27.3226], [83.8306, 27.3214], [83.842, 27.3219], [83.8317, 27.3226]], [[88.559, 27.1888], [88.5208, 27.1782], [88.5625, 27.1878], [88.559, 27.1888]], [[88.7315, 27.1384], [88.6915, 27.1787], [88.7245, 27.1385], [88.7315, 27.1384]], [[88.092, 27.1388], [88.075, 27.2008], [88.0858, 27.1415], [88.092, 27.1388]], [[88.179, 27.1347], [88.1669, 27.1243], [88.3045, 27.1286], [88.179, 27.1347]], [[92.321, 23.8694], [92.3152, 23.8668], [92.3202, 23.8658], [92.321, 23.8694]], [[92.2747, 23.8491], [92.273, 23.8159], [92.2868, 23.8168], [92.2747, 23.8491]], [[92.2702, 24.3817], [92.2129, 24.2493], [92.2722, 24.3776], [92.2702, 24.3817]], [[92.3289, 24.1675], [92.3267, 24.0724], [92.3368, 24.1468], [92.3289, 24.1675]], [[92.3234, 23.931], [92.3221, 23.8737], [92.3311, 23.9118], [92.3234, 23.931]], [[90.0155, 25.6041], [90.0184, 25.6084], [89.9978, 25.6229], [90.0155, 25.6041]], [[89.9159, 25.7102], [89.8986, 25.7388], [89.8926, 25.735], [89.9159, 25.7102]], [[89.9073, 25.7443], [89.9335, 25.7446], [89.9552, 25.7745], [89.9073, 25.7443]], [[89.9446, 25.8245], [90.0083, 25.8468], [89.9446, 25.8245], [89.9446, 25.8245]], [[90.0047, 25.8787], [90.1187, 25.9613], [90.0047, 25.8787], [90.0047, 25.8787]], [[91.8821, 26.0401], [91.8832, 26.03], [91.9221, 25.9995], [91.8821, 26.0401]], [[92.2412, 26.0625], [92.2929, 26.0745], [92.2973, 26.0791], [92.2412, 26.0625]], [[92.2561, 26.0353], [92.2055, 25.9894], [92.2217, 25.9986], [92.2561, 26.0353]], [[92.7646, 25.2493], [92.802, 25.2186], [92.8044, 25.2193], [92.7646, 25.2493]], [[92.6669, 25.1771], [92.6227, 25.1191], [92.6247, 25.1187], [92.6669, 25.1771]], [[92.9764, 24.1148], [93.0223, 24.2101], [93.0206, 24.2186], [92.9764, 24.1148]], [[93.1441, 24.0846], [93.1422, 24.0868], [93.1009, 24.0451], [93.1441, 24.0846]], [[93.6551, 26.9665], [93.6566, 26.9677], [93.4894, 26.9385], [93.6551, 26.9665]], [[94.2591, 27.5226], [94.2588, 27.5231], [94.1572, 27.478], [94.2591, 27.5226]], [[95.8231, 27.8092], [95.7723, 27.7441], [95.9274, 27.8873], [95.8231, 27.8092]], [[95.7587, 27.7267], [95.7965, 27.6881], [95.7603, 27.7287], [95.7587, 27.7267]], [[95.7778, 27.6663], [95.8015, 27.649], [95.7809, 27.6699], [95.7778, 27.6663]], [[95.798, 27.6078], [95.8813, 27.5532], [95.7986, 27.6148], [95.798, 27.6078]], [[96.0179, 27.3687], [96.0209, 27.3713], [95.9778, 27.4355], [96.0179, 27.3687]], [[95.5109, 27.2663], [95.4597, 27.2134], [95.5128, 27.2654], [95.5109, 27.2663]], [[95.1985, 27.0444], [95.1965, 27.0427], [95.2482, 27.0303], [95.1985, 27.0444]], [[94.9282, 26.9521], [94.9239, 26.9502], [94.9857, 26.9182], [94.9282, 26.9521]], [[94.8945, 26.9373], [94.8832, 26.9239], [94.923, 26.9499], [94.8945, 26.9373]], [[94.4679, 26.6698], [94.4679, 26.6693], [94.5451, 26.7109], [94.4679, 26.6698]], [[93.3887, 25.2459], [93.3832, 25.2303], [93.3965, 25.2517], [93.3887, 25.2459]], [[93.0392, 24.4111], [92.9716, 24.401], [93.0244, 24.3905], [93.0005, 24.4033], [93.0392, 24.4111]], [[93.0067, 24.254], [93.0154, 24.2447], [93.0113, 24.2651], [93.0067, 24.254]], [[92.8315, 24.3789], [92.8327, 24.3764], [92.9115, 24.4129], [92.8315, 24.3789]], [[92.419, 24.1944], [92.466, 24.1348], [92.4667, 24.1352], [92.419, 24.1944]], [[93.5547, 25.2505], [93.608, 25.2021], [93.6109, 25.2075], [93.5547, 25.2505]], [[94.2867, 25.5117], [94.309, 25.4938], [94.3123, 25.4953], [94.2867, 25.5117]], [[94.573, 25.6977], [94.5943, 25.6881], [94.5956, 25.6913], [94.573, 25.6977]], [[94.5793, 25.6524], [94.5772, 25.6483], [94.5776, 25.6482], [94.5793, 25.6524]]], [[[70.8403, 20.7285], [70.8576, 20.7421], [70.8704, 20.7187], [70.8403, 20.7285]]], [[[71.3876, 20.8635], [71.3868, 20.8635], [71.386, 20.8654], [71.3876, 20.8635]]], [[[71.5071, 20.9029], [71.5201, 20.9063], [71.5304, 20.9035], [71.5071, 20.9029]]], [[[71.6485, 20.9746], [71.6443, 20.9746], [71.6451, 20.9771], [71.6485, 20.9746]]], [[[71.6874, 20.9915], [71.6738, 20.9851], [71.674, 20.9929], [71.6874, 20.9915]]], [[[71.6982, 20.9993], [71.7038, 20.9951], [71.6954, 20.9968], [71.6982, 20.9993]]], [[[71.714, 20.9977], [71.706, 20.9974], [71.7065, 20.9988], [71.714, 20.9977]]], [[[72.1032, 21.2704], [72.099, 21.2654], [72.1021, 21.2707], [72.1032, 21.2704]]], [[[72.5871, 21.3399], [72.5874, 21.3363], [72.586, 21.3363], [72.5871, 21.3399]]], [[[72.5829, 21.3624], [72.5788, 21.3601], [72.5796, 21.3643], [72.5829, 21.3624]]], [[[72.5999, 21.3779], [72.5876, 21.3674], [72.5938, 21.3807], [72.5999, 21.3779]]], [[[69.7185, 21.5576], [69.7221, 21.5546], [69.7196, 21.554], [69.7185, 21.5576]]], [[[72.3651, 21.5976], [72.3587, 21.5799], [72.3454, 21.6024], [72.3651, 21.5976]]], [[[69.7349, 21.6096], [69.7401, 21.5926], [69.7246, 21.609], [69.7349, 21.6096]]], [[[72.6062, 21.6285], [72.6074, 21.619], [72.6051, 21.6196], [72.6062, 21.6285]]], [[[72.599, 21.6174], [72.596, 21.6301], [72.6115, 21.6357], [72.6015, 21.6268], [72.599, 21.6174]]], [[[72.584, 21.626], [72.5813, 21.6262], [72.5835, 21.629], [72.584, 21.626]]], [[[72.6026, 21.6399], [72.5996, 21.6371], [72.5957, 21.6407], [72.6026, 21.6399]]], [[[72.2826, 21.7346], [72.2876, 21.7074], [72.2676, 21.7365], [72.2826, 21.7346]]], [[[72.3574, 21.9293], [72.3604, 21.9246], [72.3476, 21.929], [72.3574, 21.9293]]], [[[72.216, 22.0021], [72.2104, 22.0032], [72.2124, 22.0054], [72.216, 22.0021]]], [[[72.4679, 22.2054], [72.4724, 22.2032], [72.4679, 22.2024], [72.4679, 22.2054]]], [[[72.3901, 22.2135], [72.3921, 22.2104], [72.3876, 22.2101], [72.3901, 22.2135]]], [[[72.3682, 22.224], [72.3765, 22.2038], [72.3635, 22.214], [72.3682, 22.224]]], [[[69.3093, 22.3046], [69.3121, 22.304], [69.3118, 22.3032], [69.3093, 22.3046]]], [[[69.4582, 22.3521], [69.4374, 22.3543], [69.4396, 22.3568], [69.4582, 22.3521]]], [[[69.1857, 22.3671], [69.1854, 22.364], [69.1826, 22.3668], [69.1857, 22.3671]]], [[[69.1926, 22.371], [69.1946, 22.3676], [69.1899, 22.3693], [69.1926, 22.371]]], [[[69.3404, 22.381], [69.3321, 22.3726], [69.3229, 22.3824], [69.3404, 22.381]]], [[[69.2151, 22.384], [69.2143, 22.3824], [69.2124, 22.384], [69.2151, 22.384]]], [[[69.2007, 22.3849], [69.1996, 22.3871], [69.2024, 22.3876], [69.2007, 22.3849]]], [[[69.489, 22.3929], [69.4846, 22.3876], [69.4801, 22.3901], [69.489, 22.3929]]], [[[69.2782, 22.4179], [69.2807, 22.4157], [69.2776, 22.416], [69.2782, 22.4179]]], [[[69.2779, 22.4182], [69.2751, 22.419], [69.2757, 22.4199], [69.2779, 22.4182]]], [[[69.6365, 22.4065], [69.5882, 22.4371], [69.6276, 22.4596], [69.6571, 22.4282], [69.6365, 22.4065]]], [[[69.0935, 22.4615], [69.1368, 22.4776], [69.1468, 22.4632], [69.111, 22.464], [69.0849, 22.421], [69.0935, 22.4615]]], [[[69.1418, 22.4543], [69.1426, 22.4529], [69.1407, 22.4546], [69.1418, 22.4543]]], [[[69.3246, 22.4696], [69.3012, 22.4529], [69.3021, 22.474], [69.3246, 22.4696]]], [[[69.0851, 22.4882], [69.0868, 22.4868], [69.084, 22.4851], [69.0851, 22.4882]]], [[[69.3512, 22.5265], [69.3351, 22.5074], [69.3243, 22.5276], [69.3512, 22.5265]]], [[[69.4065, 22.5271], [69.4032, 22.5243], [69.4018, 22.5282], [69.4065, 22.5271]]], [[[69.9471, 22.5315], [69.9476, 22.5304], [69.9435, 22.5304], [69.9471, 22.5315]]], [[[69.9187, 22.5532], [69.9415, 22.5179], [69.8965, 22.5118], [69.8624, 22.5271], [69.9187, 22.5532]]], [[[69.9568, 22.534], [69.9524, 22.5326], [69.9551, 22.536], [69.9568, 22.534]]], [[[69.9635, 22.5418], [69.954, 22.536], [69.9582, 22.5426], [69.9635, 22.5418]]], [[[69.9418, 22.5504], [69.9532, 22.5368], [69.9388, 22.5385], [69.9418, 22.5504]]], [[[70.0199, 22.5479], [70.0115, 22.5496], [70.016, 22.5515], [70.0199, 22.5479]]], [[[70.0049, 22.549], [69.996, 22.5488], [70.0007, 22.5524], [70.0049, 22.549]]], [[[70.0168, 22.5579], [70.0246, 22.5551], [70.0126, 22.554], [70.0168, 22.5579]]], [[[70.041, 22.5651], [70.0387, 22.5643], [70.0385, 22.5668], [70.041, 22.5651]]], [[[70.046, 22.5699], [70.0421, 22.5674], [70.0421, 22.5701], [70.046, 22.5699]]], [[[70.0271, 22.5679], [69.9579, 22.5496], [70.009, 22.5932], [70.0271, 22.5679]]], [[[70.1832, 22.5826], [70.1832, 22.581], [70.1801, 22.5815], [70.1832, 22.5826]]], [[[70.1918, 22.5982], [70.1893, 22.5976], [70.1888, 22.5996], [70.1918, 22.5982]]], [[[69.9532, 22.5954], [69.9582, 22.6038], [69.9638, 22.599], [69.9532, 22.5954]]], [[[70.221, 22.6435], [70.2204, 22.6401], [70.2168, 22.6421], [70.221, 22.6435]]], [[[70.2385, 22.6832], [70.2385, 22.6824], [70.2351, 22.6824], [70.2385, 22.6832]]], [[[70.239, 22.6821], [70.2438, 22.6843], [70.2435, 22.6824], [70.239, 22.6821]]], [[[70.2474, 22.6882], [70.2426, 22.6868], [70.2418, 22.6896], [70.2474, 22.6882]]], [[[70.2465, 22.7146], [70.2454, 22.7118], [70.2435, 22.7124], [70.2465, 22.7146]]], [[[69.6549, 22.756], [69.6665, 22.7507], [69.631, 22.7613], [69.6549, 22.756]]], [[[69.6374, 22.7787], [69.6376, 22.7757], [69.6351, 22.7779], [69.6374, 22.7787]]], [[[70.451, 22.986], [70.4326, 22.9788], [70.4357, 22.9837], [70.451, 22.986]]], [[[70.4343, 23.0137], [70.4137, 22.9898], [70.4485, 23.0521], [70.4343, 23.0137]]], [[[70.4299, 23.0349], [70.4146, 23.0226], [70.429, 23.0465], [70.4299, 23.0349]]], [[[70.4518, 23.0265], [70.4582, 23.0499], [70.4824, 23.0654], [70.4518, 23.0265]]], [[[70.459, 23.0576], [70.4574, 23.0551], [70.4496, 23.0526], [70.459, 23.0576]]], [[[70.4518, 23.051], [70.4515, 23.0524], [70.4535, 23.0532], [70.4518, 23.051]]], [[[70.4682, 23.0588], [70.4604, 23.0557], [70.4613, 23.0579], [70.4682, 23.0588]]], [[[70.449, 23.0579], [70.446, 23.0582], [70.4471, 23.0593], [70.449, 23.0579]]], [[[68.6571, 23.2687], [68.6604, 23.2687], [68.6601, 23.2679], [68.6571, 23.2687]]], [[[68.7087, 23.3096], [68.7085, 23.3065], [68.6999, 23.3093], [68.7087, 23.3096]]], [[[68.6435, 23.3182], [68.6432, 23.3154], [68.6396, 23.3162], [68.6435, 23.3182]]], [[[68.7026, 23.8504], [68.7107, 23.8499], [68.7104, 23.8488], [68.7026, 23.8504]]], [[[68.7004, 23.8515], [68.6949, 23.8493], [68.6951, 23.8515], [68.7004, 23.8515]]], [[[73.0129, 8.2788], [73.0124, 8.2768], [73.0104, 8.2774], [73.0129, 8.2788]]], [[[73.0493, 8.2668], [73.0188, 8.2715], [73.081, 8.3276], [73.0493, 8.2668]]], [[[73.6338, 10.0688], [73.6301, 10.0676], [73.6299, 10.0688], [73.6338, 10.0688]]], [[[73.6279, 10.0718], [73.6254, 10.0729], [73.6282, 10.0751], [73.6279, 10.0718]]], [[[73.6521, 10.096], [73.6479, 10.0612], [73.6418, 10.0571], [73.6521, 10.096]]], [[[73.6651, 10.1418], [73.6621, 10.1299], [73.6585, 10.1529], [73.6651, 10.1418]]], [[[72.649, 10.5618], [72.6232, 10.5471], [72.6421, 10.5774], [72.649, 10.5618]]], [[[73.6771, 10.8176], [73.7026, 10.8149], [73.6621, 10.8085], [73.6771, 10.8176]]], [[[72.716, 11.1251], [72.7329, 11.1279], [72.7201, 11.1107], [72.716, 11.1251]]], [[[72.7613, 11.1801], [72.7779, 11.241], [72.7901, 11.2599], [72.7782, 11.2174], [72.7613, 11.1801]]], [[[73.009, 11.4874], [73.0018, 11.4915], [72.9968, 11.4954], [73.009, 11.4874]]], [[[73.0007, 11.4854], [73.0024, 11.4857], [73.0018, 11.4846], [73.0007, 11.4854]]], [[[72.7168, 11.7021], [72.7165, 11.6921], [72.7049, 11.6807], [72.7168, 11.7021]]], [[[75.3679, 11.9396], [75.3643, 11.936], [75.3649, 11.9388], [75.3679, 11.9396]]], [[[75.3668, 11.9435], [75.366, 11.9407], [75.3637, 11.9379], [75.3668, 11.9435]]], [[[75.3024, 11.9612], [75.3024, 11.9596], [75.3004, 11.9615], [75.3024, 11.9612]]], [[[75.2885, 11.9826], [75.2962, 11.9693], [75.2854, 11.9871], [75.2885, 11.9826]]], [[[75.2951, 12.0129], [75.2879, 12.0143], [75.2924, 12.0138], [75.2951, 12.0129]]], [[[75.2999, 12.0224], [75.296, 12.0215], [75.2954, 12.0235], [75.2999, 12.0224]]], [[[75.1643, 12.0893], [75.1649, 12.1015], [75.1818, 12.0499], [75.1643, 12.0893]]], [[[75.1707, 12.1101], [75.1687, 12.096], [75.1604, 12.1118], [75.1707, 12.1101]]], [[[75.1946, 12.114], [75.1918, 12.1138], [75.1921, 12.1154], [75.1946, 12.114]]], [[[75.1496, 12.1396], [75.1621, 12.134], [75.1585, 12.121], [75.1496, 12.1396]]], [[[75.1274, 12.1949], [75.1574, 12.1102], [75.1235, 12.1918], [75.1274, 12.1949]]], [[[75.1518, 12.1596], [75.1501, 12.1468], [75.1343, 12.1824], [75.1518, 12.1596]]], [[[75.1321, 12.1888], [75.1343, 12.1893], [75.134, 12.1874], [75.1321, 12.1888]]], [[[75.1315, 12.1957], [75.1293, 12.1946], [75.1293, 12.1965], [75.1315, 12.1957]]], [[[74.6762, 13.1949], [74.676, 13.1915], [74.6701, 13.1985], [74.6762, 13.1949]]], [[[74.7251, 13.2801], [74.7282, 13.279], [74.7274, 13.2785], [74.7251, 13.2801]]], [[[74.7012, 13.2793], [74.6993, 13.2787], [74.6988, 13.2815], [74.7012, 13.2793]]], [[[74.7285, 13.2871], [74.7282, 13.286], [74.7246, 13.2851], [74.7285, 13.2871]]], [[[74.6899, 13.3307], [74.6921, 13.3321], [74.6924, 13.3307], [74.6899, 13.3307]]], [[[74.6899, 13.3354], [74.6876, 13.3351], [74.6857, 13.3371], [74.6899, 13.3354]]], [[[74.6874, 13.3421], [74.6871, 13.3413], [74.6815, 13.3429], [74.6874, 13.3421]]], [[[74.6701, 13.3799], [74.6749, 13.3807], [74.6751, 13.3757], [74.6701, 13.3799]]], [[[74.4829, 14.0065], [74.4804, 14.0049], [74.4785, 14.0093], [74.4829, 14.0065]]], [[[74.3304, 14.0182], [74.3276, 14.0112], [74.3235, 14.0154], [74.3304, 14.0182]]], [[[74.4018, 14.3154], [74.4046, 14.3126], [74.399, 14.3126], [74.4018, 14.3154]]], [[[74.3729, 14.5524], [74.3782, 14.5454], [74.3668, 14.5412], [74.3729, 14.5524]]], [[[74.2551, 14.7038], [74.2515, 14.7043], [74.2526, 14.706], [74.2551, 14.7038]]], [[[74.2401, 14.709], [74.2379, 14.709], [74.2382, 14.7107], [74.2401, 14.709]]], [[[74.1582, 14.7393], [74.1574, 14.7376], [74.1532, 14.7401], [74.1582, 14.7393]]], [[[74.1129, 14.7579], [74.1201, 14.7535], [74.1098, 14.754], [74.1129, 14.7579]]], [[[74.089, 14.7954], [74.089, 14.7938], [74.0863, 14.7949], [74.089, 14.7954]]], [[[74.0549, 14.8171], [74.0563, 14.816], [74.0543, 14.8162], [74.0549, 14.8171]]], [[[74.0621, 14.8204], [74.0574, 14.819], [74.0571, 14.8201], [74.0621, 14.8204]]], [[[74.0657, 14.8199], [74.0629, 14.8193], [74.0626, 14.8207], [74.0657, 14.8199]]], [[[74.0932, 14.8382], [74.0949, 14.8368], [74.0929, 14.836], [74.0932, 14.8382]]], [[[74.1021, 14.8446], [74.101, 14.8421], [74.0971, 14.8429], [74.1021, 14.8446]]], [[[74.0974, 14.8771], [74.0943, 14.876], [74.0946, 14.8779], [74.0974, 14.8771]]], [[[73.7821, 15.3485], [73.7607, 15.3521], [73.7621, 15.3551], [73.7821, 15.3485]]], [[[73.7993, 15.3776], [73.7962, 15.3724], [73.7926, 15.3768], [73.7993, 15.3776]]], [[[73.8615, 15.4071], [73.8654, 15.4037], [73.8626, 15.4032], [73.8615, 15.4071]]], [[[73.4568, 15.8888], [73.4568, 15.8871], [73.4546, 15.8885], [73.4568, 15.8888]]], [[[73.4643, 15.8896], [73.4643, 15.8868], [73.4615, 15.889], [73.4643, 15.8896]]], [[[73.4651, 15.8949], [73.4676, 15.8946], [73.4674, 15.8935], [73.4651, 15.8949]]], [[[73.4624, 16.0443], [73.4613, 16.0388], [73.4571, 16.0407], [73.4624, 16.0443]]], [[[73.4443, 16.1015], [73.4437, 16.0996], [73.4424, 16.101], [73.4443, 16.1015]]], [[[73.0824, 17.8182], [73.086, 17.8165], [73.0835, 17.814], [73.0824, 17.8182]]], [[[73.0387, 18.0501], [73.0365, 18.0507], [73.0368, 18.0518], [73.0387, 18.0501]]], [[[72.9671, 18.2993], [72.9635, 18.2985], [72.9629, 18.3007], [72.9671, 18.2993]]], [[[73.0757, 18.3079], [73.0793, 18.3062], [73.0762, 18.3049], [73.0757, 18.3079]]], [[[73.0821, 18.319], [73.0804, 18.319], [73.0813, 18.3215], [73.0821, 18.319]]], [[[72.8654, 18.634], [72.8635, 18.6326], [72.8643, 18.6357], [72.8654, 18.634]]], [[[72.8149, 18.7046], [72.8151, 18.7029], [72.8126, 18.7024], [72.8149, 18.7046]]], [[[72.8426, 18.7063], [72.8412, 18.7051], [72.8418, 18.7082], [72.8426, 18.7063]]], [[[72.9085, 18.9596], [72.9088, 18.9532], [72.8988, 18.941], [72.9085, 18.9596]]], [[[72.9421, 18.9657], [72.934, 18.9521], [72.9243, 18.9635], [72.9421, 18.9657]]], [[[73.0257, 18.9974], [73.0282, 18.9988], [73.0285, 18.9929], [73.0257, 18.9974]]], [[[72.7835, 19.1349], [72.7835, 19.1324], [72.7804, 19.1329], [72.7835, 19.1349]]], [[[72.7365, 19.4657], [72.7329, 19.4574], [72.7262, 19.4671], [72.7365, 19.4657]]], [[[72.8554, 20.7596], [72.8576, 20.7526], [72.8471, 20.7538], [72.8554, 20.7596]]], [[[72.6479, 21.0679], [72.6546, 21.0737], [72.6574, 21.0651], [72.6479, 21.0679]]], [[[72.6807, 21.0965], [72.6807, 21.0954], [72.6787, 21.0968], [72.6807, 21.0965]]], [[[72.6729, 21.1043], [72.6762, 21.0971], [72.6693, 21.1049], [72.6729, 21.1043]]], [[[72.6976, 21.1168], [72.7032, 21.1146], [72.6996, 21.1124], [72.6976, 21.1168]]], [[[72.6968, 21.1187], [72.689, 21.0899], [72.6765, 21.1557], [72.7104, 21.1407], [72.6968, 21.1187]]], [[[72.6218, 21.4032], [72.6171, 21.4051], [72.6282, 21.4174], [72.6218, 21.4032]]], [[[72.6351, 21.4176], [72.6357, 21.4132], [72.6315, 21.4118], [72.6351, 21.4176]]], [[[72.6726, 21.4401], [72.6637, 21.4396], [72.6654, 21.4432], [72.6726, 21.4401]]], [[[72.6107, 21.6299], [72.6099, 21.6296], [72.6101, 21.6313], [72.6107, 21.6299]]], [[[72.6143, 21.6365], [72.616, 21.6362], [72.6146, 21.6354], [72.6143, 21.6365]]], [[[72.6185, 21.6385], [72.6171, 21.639], [72.6171, 21.6396], [72.6185, 21.6385]]], [[[72.751, 21.6529], [72.7168, 21.6446], [72.7226, 21.666], [72.751, 21.6529]]], [[[77.556, 8.0768], [77.5532, 8.0774], [77.5535, 8.0788], [77.556, 8.0768]]], [[[78.1207, 8.6143], [78.1174, 8.6101], [78.1099, 8.6146], [78.1207, 8.6143]]], [[[78.1199, 8.6151], [78.119, 8.6154], [78.1204, 8.6179], [78.1199, 8.6151]]], [[[78.1226, 8.634], [78.1179, 8.6174], [78.1113, 8.6324], [78.1226, 8.634]]], [[[78.1246, 8.6496], [78.124, 8.6382], [78.1171, 8.6424], [78.1246, 8.6496]]], [[[78.1276, 8.6451], [78.1282, 8.6429], [78.126, 8.6432], [78.1276, 8.6451]]], [[[78.2101, 8.8354], [78.2121, 8.839], [78.2115, 8.8354], [78.2101, 8.8354]]], [[[78.2271, 8.8713], [78.2274, 8.8674], [78.2229, 8.8724], [78.2271, 8.8713]]], [[[78.2554, 8.9554], [78.2546, 8.9529], [78.2518, 8.9532], [78.2554, 8.9554]]], [[[78.4879, 9.0901], [78.4951, 9.0907], [78.4932, 9.0857], [78.4879, 9.0901]]], [[[78.5382, 9.1029], [78.5349, 9.1024], [78.5382, 9.106], [78.5382, 9.1029]]], [[[78.5863, 9.1087], [78.5718, 9.1021], [78.5765, 9.1104], [78.5863, 9.1087]]], [[[78.4849, 9.1335], [78.4868, 9.131], [78.4846, 9.1313], [78.4849, 9.1335]]], [[[78.6965, 9.1513], [78.6932, 9.1512], [78.6943, 9.1549], [78.6965, 9.1513]]], [[[78.7321, 9.1554], [78.7318, 9.1513], [78.7288, 9.1524], [78.7321, 9.1554]]], [[[78.8149, 9.1579], [78.8285, 9.1654], [78.8201, 9.1576], [78.8149, 9.1579]]], [[[78.9049, 9.1835], [78.9315, 9.1815], [78.8985, 9.1793], [78.9049, 9.1835]]], [[[78.971, 9.186], [78.9685, 9.184], [78.9654, 9.1885], [78.971, 9.186]]], [[[79.0851, 9.1918], [79.0582, 9.1971], [79.0893, 9.1999], [79.0851, 9.1918]]], [[[79.1413, 9.2129], [79.1385, 9.2124], [79.1387, 9.214], [79.1413, 9.2129]]], [[[79.1349, 9.2165], [79.136, 9.2149], [79.121, 9.216], [79.1349, 9.2165]]], [[[79.181, 9.2401], [79.1832, 9.2415], [79.2015, 9.234], [79.181, 9.2401]]], [[[79.2382, 9.2443], [79.2393, 9.241], [79.2346, 9.2396], [79.2382, 9.2443]]], [[[79.326, 9.2618], [79.4399, 9.1582], [79.2988, 9.2468], [79.2146, 9.254], [79.2204, 9.2921], [79.3124, 9.3285], [79.326, 9.2618]]], [[[79.2076, 9.2493], [79.2221, 9.2471], [79.201, 9.2413], [79.2076, 9.2493]]], [[[79.5291, 9.384], [79.5293, 9.3842], [79.5293, 9.384], [79.5291, 9.384]]], [[[79.5301, 9.3857], [79.53, 9.3857], [79.5301, 9.386], [79.5301, 9.3857]]], [[[79.5301, 9.3871], [79.5304, 9.3871], [79.5304, 9.386], [79.5301, 9.3871]]], [[[79.5301, 9.3888], [79.5301, 9.3883], [79.5299, 9.3886], [79.5301, 9.3888]]], [[[79.5297, 9.389], [79.5297, 9.3891], [79.5299, 9.389], [79.5297, 9.389]]], [[[79.5296, 9.3893], [79.5296, 9.3892], [79.5293, 9.3893], [79.5296, 9.3893]]], [[[79.5293, 9.3899], [79.5289, 9.3896], [79.5286, 9.3899], [79.5293, 9.3899]]], [[[79.5284, 9.3901], [79.5287, 9.3901], [79.5286, 9.3899], [79.5284, 9.3901]]], [[[76.4049, 9.5276], [76.3829, 9.5276], [76.3824, 9.534], [76.4049, 9.5276]]], [[[76.466, 9.5299], [76.479, 9.5371], [76.4793, 9.5301], [76.466, 9.5299]]], [[[76.434, 9.5285], [76.4057, 9.5424], [76.4346, 9.5515], [76.434, 9.5285]]], [[[76.4646, 9.5415], [76.4354, 9.5285], [76.4368, 9.5515], [76.4646, 9.5415]]], [[[76.3821, 9.5432], [76.4257, 9.5499], [76.3829, 9.5349], [76.3821, 9.5432]]], [[[76.3879, 9.619], [76.3846, 9.6135], [76.3818, 9.6179], [76.3879, 9.619]]], [[[76.381, 9.7168], [76.3818, 9.7171], [76.3815, 9.7149], [76.381, 9.7168]]], [[[76.3701, 9.7565], [76.3732, 9.7524], [76.3729, 9.7513], [76.3701, 9.7565]]], [[[76.329, 9.8176], [76.3254, 9.8074], [76.3229, 9.809], [76.329, 9.8176]]], [[[76.3735, 9.8249], [76.3732, 9.8215], [76.3718, 9.8232], [76.3735, 9.8249]]], [[[76.3668, 9.8257], [76.3699, 9.8263], [76.3701, 9.824], [76.3668, 9.8257]]], [[[76.3793, 9.8371], [76.3763, 9.8368], [76.3771, 9.839], [76.3793, 9.8371]]], [[[76.3751, 9.8376], [76.3726, 9.8404], [76.3735, 9.8413], [76.3751, 9.8376]]], [[[76.2879, 9.8468], [76.2904, 9.8462], [76.2882, 9.844], [76.2879, 9.8468]]], [[[76.3718, 9.831], [76.349, 9.8385], [76.3496, 9.8746], [76.3662, 9.8554], [76.3718, 9.831]]], [[[76.3043, 9.9029], [76.3171, 9.9029], [76.3174, 9.8865], [76.3043, 9.9029]]], [[[76.2674, 9.9393], [76.2749, 9.9663], [76.294, 9.9257], [76.2674, 9.9393]]], [[[76.271, 9.971], [76.2688, 9.9721], [76.2688, 9.9726], [76.271, 9.971]]], [[[76.2443, 9.9785], [76.2432, 9.9782], [76.2432, 9.9804], [76.2443, 9.9785]]], [[[76.2588, 9.9901], [76.2465, 9.9765], [76.2418, 10.0143], [76.2588, 9.9901]]], [[[76.2699, 10.0004], [76.269, 9.9968], [76.2668, 10.0015], [76.2699, 10.0004]]], [[[76.2537, 10.0124], [76.2518, 10.0124], [76.2504, 10.0143], [76.2537, 10.0124]]], [[[76.2671, 10.0229], [76.2626, 10.0185], [76.2579, 10.0237], [76.2671, 10.0229]]], [[[76.2596, 10.0293], [76.2593, 10.0251], [76.2582, 10.0251], [76.2596, 10.0293]]], [[[76.2465, 10.0968], [76.2482, 10.0907], [76.2404, 10.0918], [76.2465, 10.0968]]], [[[79.7068, 10.2851], [79.7024, 10.2871], [79.7029, 10.2882], [79.7068, 10.2851]]], [[[79.6971, 10.2888], [79.701, 10.2893], [79.7007, 10.2882], [79.6971, 10.2888]]], [[[79.6963, 10.2896], [79.6935, 10.2896], [79.6935, 10.2912], [79.6963, 10.2896]]], [[[79.6929, 10.2954], [79.6904, 10.2935], [79.6888, 10.2957], [79.6929, 10.2954]]], [[[79.6835, 10.2982], [79.6868, 10.2971], [79.6849, 10.2954], [79.6835, 10.2982]]], [[[79.6293, 10.299], [79.6293, 10.2982], [79.6201, 10.299], [79.6293, 10.299]]], [[[79.609, 10.301], [79.6057, 10.3015], [79.606, 10.3026], [79.609, 10.301]]], [[[79.6893, 10.3068], [79.694, 10.3082], [79.6924, 10.3043], [79.6893, 10.3068]]], [[[79.6826, 10.3054], [79.6696, 10.3065], [79.6699, 10.3074], [79.6826, 10.3054]]], [[[79.6235, 10.3065], [79.6212, 10.3054], [79.6221, 10.3079], [79.6235, 10.3065]]], [[[79.616, 10.3082], [79.6207, 10.3065], [79.6162, 10.3065], [79.616, 10.3082]]], [[[79.6315, 10.3068], [79.6279, 10.3068], [79.6279, 10.3082], [79.6315, 10.3068]]], [[[79.6099, 10.3093], [79.6051, 10.3062], [79.6054, 10.3102], [79.6099, 10.3093]]], [[[79.6279, 10.3304], [79.6329, 10.3299], [79.6276, 10.326], [79.6279, 10.3304]]], [[[79.6288, 10.3421], [79.6282, 10.3368], [79.6249, 10.3388], [79.6288, 10.3421]]], [[[76.0515, 10.5338], [76.0493, 10.5338], [76.0501, 10.5351], [76.0515, 10.5338]]], [[[76.0496, 10.539], [76.0512, 10.5365], [76.0493, 10.536], [76.0496, 10.539]]], [[[75.8363, 11.1282], [75.8315, 11.1265], [75.8301, 11.1299], [75.8363, 11.1282]]], [[[75.8112, 11.1596], [75.8101, 11.1593], [75.8104, 11.1615], [75.8112, 11.1596]]], [[[79.7038, 10.3038], [79.7099, 10.3076], [79.7107, 10.3074], [79.7038, 10.3038]]], [[[79.7165, 10.3151], [79.716, 10.3115], [79.6929, 10.3138], [79.7165, 10.3151]]], [[[79.8454, 10.8257], [79.8401, 10.8238], [79.8412, 10.8251], [79.8454, 10.8257]]], [[[79.8415, 11.2351], [79.8421, 11.234], [79.8373, 11.2332], [79.8415, 11.2351]]], [[[79.8279, 11.2357], [79.8238, 11.2346], [79.8246, 11.2368], [79.8279, 11.2357]]], [[[79.9915, 12.2496], [79.9851, 12.2451], [79.9874, 12.2501], [79.9915, 12.2496]]], [[[80.3251, 13.436], [80.3249, 13.4343], [80.3213, 13.4349], [80.3251, 13.436]]], [[[80.2757, 13.4551], [80.2849, 13.4526], [80.2862, 13.4485], [80.2757, 13.4551]]], [[[80.2271, 13.4907], [80.224, 13.4901], [80.224, 13.4918], [80.2271, 13.4907]]], [[[80.2349, 13.4921], [80.2304, 13.4907], [80.2296, 13.4935], [80.2349, 13.4921]]], [[[80.2679, 13.5104], [80.266, 13.4996], [80.2643, 13.5162], [80.2679, 13.5104]]], [[[80.1954, 13.5182], [80.1971, 13.5129], [80.1885, 13.5151], [80.1954, 13.5182]]], [[[80.1837, 13.5326], [80.1799, 13.5335], [80.1799, 13.534], [80.1837, 13.5326]]], [[[80.1582, 13.591], [80.1204, 13.6057], [80.1676, 13.5899], [80.1418, 13.5449], [80.1265, 13.5849], [80.1582, 13.591]]], [[[80.0524, 13.5882], [80.056, 13.5888], [80.0568, 13.5868], [80.0524, 13.5882]]], [[[80.0963, 13.6374], [80.0915, 13.6362], [80.0932, 13.6399], [80.0963, 13.6374]]], [[[80.1082, 13.6468], [80.1012, 13.6368], [80.1001, 13.6393], [80.1082, 13.6468]]], [[[80.1021, 13.6768], [80.1062, 13.6768], [80.1043, 13.6682], [80.1021, 13.6768]]], [[[80.0624, 15.1976], [80.0624, 15.1971], [80.0593, 15.199], [80.0624, 15.1976]]], [[[80.2118, 15.4993], [80.2096, 15.499], [80.209, 15.5004], [80.2118, 15.4993]]], [[[81.0201, 15.7579], [81.029, 15.7632], [81.0238, 15.7579], [81.0201, 15.7579]]], [[[80.791, 15.8312], [80.7915, 15.824], [80.7893, 15.8243], [80.791, 15.8312]]], [[[80.7904, 15.8418], [80.7887, 15.8376], [80.7862, 15.8415], [80.7904, 15.8418]]], [[[80.7879, 15.8546], [80.7876, 15.8449], [80.7838, 15.8521], [80.7879, 15.8546]]], [[[80.7801, 15.8479], [80.7804, 15.8435], [80.7718, 15.856], [80.7801, 15.8479]]], [[[81.5468, 16.349], [81.5335, 16.3518], [81.5365, 16.3549], [81.5468, 16.349]]], [[[81.5324, 16.3554], [81.5335, 16.3524], [81.5315, 16.3526], [81.5324, 16.3554]]], [[[82.3171, 16.574], [82.3149, 16.5737], [82.3154, 16.576], [82.3171, 16.574]]], [[[82.3107, 16.6024], [82.2588, 16.6901], [82.3104, 16.7013], [82.3321, 16.7249], [82.3363, 16.6912], [82.3682, 16.7229], [82.3185, 16.6288], [82.3096, 16.6513], [82.3107, 16.6024]]], [[[82.2607, 16.676], [82.2635, 16.6749], [82.2626, 16.6696], [82.2607, 16.676]]], [[[82.2701, 16.7024], [82.2854, 16.6976], [82.2588, 16.6901], [82.2701, 16.7024]]], [[[82.3071, 16.7129], [82.3001, 16.7113], [82.3015, 16.714], [82.3071, 16.7129]]], [[[82.2994, 16.7141], [82.2996, 16.714], [82.2994, 16.714], [82.2994, 16.7141]]], [[[82.314, 16.7196], [82.3099, 16.7187], [82.3099, 16.7213], [82.314, 16.7196]]], [[[82.3313, 16.7262], [82.3324, 16.7282], [82.3337, 16.7251], [82.3313, 16.7262]]], [[[83.1724, 17.5668], [83.1707, 17.566], [83.1712, 17.5688], [83.1724, 17.5668]]], [[[83.304, 17.6807], [83.2979, 17.6793], [83.3112, 17.6849], [83.304, 17.6807]]], [[[83.3054, 17.6832], [83.3029, 17.6826], [83.3037, 17.684], [83.3054, 17.6832]]], [[[83.2701, 17.7101], [83.2688, 17.7082], [83.2685, 17.7099], [83.2701, 17.7101]]], [[[84.7674, 19.1018], [84.7649, 19.1015], [84.7665, 19.1046], [84.7674, 19.1018]]], [[[84.7568, 19.1015], [84.7585, 19.1049], [84.7654, 19.104], [84.7568, 19.1015]]], [[[86.2372, 19.9078], [86.2367, 19.9083], [86.2383, 19.9111], [86.2372, 19.9078]]], [[[86.3725, 19.9544], [86.3678, 19.9522], [86.3551, 19.9499], [86.3708, 19.955], [86.3721, 19.9576], [86.3725, 19.9544]]], [[[86.3861, 19.9633], [86.3833, 19.9594], [86.3789, 19.9594], [86.3861, 19.9633]]], [[[86.3905, 19.9655], [86.3994, 19.9723], [86.3965, 19.969], [86.3905, 19.9655]]], [[[86.3722, 19.9692], [86.365, 19.9686], [86.365, 19.9719], [86.3722, 19.9692]]], [[[86.3207, 19.9914], [86.32, 19.9886], [86.3186, 19.995], [86.3207, 19.9914]]], [[[86.3208, 19.9933], [86.3156, 19.9992], [86.319, 20.0023], [86.3208, 19.9933]]], [[[86.3272, 19.9986], [86.3294, 20.0106], [86.3358, 20.0031], [86.3272, 19.9986]]], [[[86.31, 20.0117], [86.3147, 20.0153], [86.3153, 20.0081], [86.31, 20.0117]]], [[[86.3253, 20.0164], [86.3214, 20.01], [86.3011, 20.0264], [86.3253, 20.0164]]], [[[86.4089, 20.0189], [86.4125, 20.0258], [86.4122, 20.0206], [86.4089, 20.0189]]], [[[86.2542, 20.0222], [86.2553, 20.0247], [86.2583, 20.0219], [86.2542, 20.0222]]], [[[86.3267, 20.0244], [86.3258, 20.0231], [86.321, 20.0245], [86.3267, 20.0244]]], [[[86.2678, 20.0208], [86.2647, 20.0222], [86.2708, 20.0272], [86.2678, 20.0208]]], [[[86.2633, 20.0336], [86.2678, 20.0308], [86.2625, 20.0322], [86.2633, 20.0336]]], [[[86.4247, 20.0375], [86.4208, 20.0319], [86.4258, 20.0436], [86.4247, 20.0375]]], [[[86.3133, 20.04], [86.3136, 20.0386], [86.3092, 20.0389], [86.3133, 20.04]]], [[[86.3039, 20.0397], [86.303, 20.0386], [86.2992, 20.0403], [86.3039, 20.0397]]], [[[86.2452, 20.0294], [86.2675, 20.0531], [86.3081, 20.0344], [86.2797, 20.0267], [86.2669, 20.0353], [86.2452, 20.0294]]], [[[86.2983, 20.0483], [86.2997, 20.0439], [86.2911, 20.0478], [86.2983, 20.0483]]], [[[86.4347, 20.0517], [86.4322, 20.0511], [86.4325, 20.0569], [86.4347, 20.0517]]], [[[86.2569, 20.0575], [86.2553, 20.0525], [86.2506, 20.0517], [86.2569, 20.0575]]], [[[86.4947, 20.1489], [86.4922, 20.1456], [86.4892, 20.1467], [86.4947, 20.1489]]], [[[86.5081, 20.1725], [86.494, 20.1625], [86.4896, 20.1704], [86.5081, 20.1725]]], [[[86.5533, 20.2064], [86.5553, 20.2071], [86.5551, 20.2063], [86.5533, 20.2064]]], [[[86.7958, 20.3722], [86.7922, 20.3653], [86.7904, 20.3686], [86.7958, 20.3722]]], [[[86.7911, 20.3764], [86.7971, 20.3761], [86.7964, 20.3744], [86.7911, 20.3764]]], [[[86.7911, 20.3856], [86.7939, 20.3875], [86.7939, 20.3842], [86.7911, 20.3856]]], [[[86.8149, 20.4067], [86.8039, 20.3714], [86.8069, 20.4133], [86.8149, 20.4067]]], [[[86.7953, 20.3934], [86.7878, 20.4051], [86.7914, 20.4292], [86.7953, 20.3934]]], [[[86.8012, 20.4605], [86.8025, 20.4626], [86.8036, 20.462], [86.8012, 20.4605]]], [[[86.8094, 20.4767], [86.8008, 20.4739], [86.8053, 20.4919], [86.8094, 20.4767]]], [[[86.8783, 20.6778], [86.8721, 20.6727], [86.8783, 20.6795], [86.8783, 20.6778]]], [[[86.7931, 20.6792], [86.7892, 20.6751], [86.7986, 20.7006], [86.7931, 20.6792]]], [[[86.8783, 20.7331], [86.8302, 20.6725], [86.8167, 20.677], [86.8035, 20.6766], [86.7967, 20.6725], [86.8191, 20.6392], [86.7738, 20.6464], [86.8015, 20.6834], [86.83, 20.76], [86.9919, 20.7711], [87.0014, 20.7158], [86.9287, 20.7147], [86.8929, 20.6951], [86.8592, 20.6647], [86.8783, 20.7331]]], [[[86.8744, 20.7742], [86.8778, 20.7742], [86.8775, 20.7728], [86.8744, 20.7742]]], [[[86.8686, 20.7794], [86.8717, 20.7761], [86.8655, 20.7778], [86.8686, 20.7794]]], [[[86.9419, 20.7797], [86.9515, 20.7747], [86.8653, 20.7825], [86.9419, 20.7797]]], [[[86.9461, 20.7867], [86.9437, 20.7843], [86.9436, 20.7853], [86.9461, 20.7867]]], [[[87.0024, 20.709], [87.0158, 20.7222], [87.0172, 20.7143], [87.0024, 20.709]]], [[[87.0033, 20.7134], [87.009, 20.7202], [87.006, 20.7134], [87.0033, 20.7134]]], [[[87.0719, 20.7446], [87.068, 20.7378], [87.0718, 20.7488], [87.0719, 20.7446]]], [[[87.0501, 20.7426], [87.049, 20.7438], [87.0543, 20.7461], [87.0501, 20.7426]]], [[[87.0921, 20.7522], [87.0725, 20.7541], [87.0845, 20.7644], [87.0921, 20.7522]]], [[[86.9806, 20.7806], [86.9875, 20.7794], [86.9814, 20.7783], [86.9806, 20.7806]]], [[[87.0057, 20.8096], [87.0025, 20.8322], [87.0186, 20.8229], [87.0057, 20.8096]]], [[[87.1236, 21.5144], [87.1192, 21.5167], [87.1217, 21.5206], [87.1236, 21.5144]]], [[[88.5339, 21.5781], [88.5314, 21.5425], [88.4817, 21.5547], [88.4977, 21.5998], [88.5339, 21.5781]]], [[[88.0205, 21.5667], [88.0167, 21.5722], [88.0158, 21.5817], [88.0205, 21.5667]]], [[[88.1889, 21.5819], [88.1867, 21.56], [88.1678, 21.5917], [88.1889, 21.5819]]], [[[88.7572, 21.599], [88.7358, 21.5717], [88.7072, 21.5942], [88.7289, 21.6371], [88.7572, 21.599]]], [[[88.5875, 21.6019], [88.55, 21.5636], [88.5567, 21.6044], [88.51, 21.6022], [88.5244, 21.6532], [88.5875, 21.6019]]], [[[88.7719, 21.6531], [88.7981, 21.5917], [88.7519, 21.5767], [88.7582, 21.6], [88.7296, 21.6399], [88.7719, 21.6531]]], [[[88.6022, 21.6206], [88.554, 21.6395], [88.5708, 21.666], [88.5675, 21.6905], [88.6022, 21.6206]]], [[[88.3581, 21.6475], [88.3153, 21.6081], [88.3111, 21.7064], [88.3461, 21.6886], [88.3581, 21.6475]]], [[[88.2045, 21.7212], [88.1956, 21.6819], [88.2317, 21.6436], [88.2117, 21.6208], [88.2119, 21.6017], [88.1814, 21.6861], [88.2045, 21.7212]]], [[[88.4707, 21.673], [88.4422, 21.615], [88.4186, 21.6826], [88.454, 21.7093], [88.4707, 21.673]]], [[[88.1978, 21.6892], [88.2209, 21.7621], [88.272, 21.7544], [88.2621, 21.7302], [88.3103, 21.6764], [88.2917, 21.5631], [88.2483, 21.5639], [88.2164, 21.6164], [88.2347, 21.6354], [88.2333, 21.6681], [88.1978, 21.6892]]], [[[88.6303, 21.6492], [88.6404, 21.6786], [88.6394, 21.6681], [88.6303, 21.6492]]], [[[88.3867, 21.7339], [88.395, 21.755], [88.4286, 21.702], [88.4133, 21.6911], [88.4112, 21.6587], [88.4319, 21.6274], [88.3986, 21.5956], [88.3797, 21.6808], [88.4035, 21.7167], [88.3686, 21.7273], [88.3867, 21.7339]]], [[[88.6971, 21.7129], [88.7074, 21.6812], [88.7514, 21.6487], [88.7229, 21.6386], [88.687, 21.6833], [88.6971, 21.7129]]], [[[88.5919, 21.6906], [88.6063, 21.68], [88.5885, 21.6573], [88.5804, 21.683], [88.5919, 21.6906]]], [[[88.7306, 21.6847], [88.7583, 21.6825], [88.8067, 21.7067], [88.7969, 21.6553], [88.7306, 21.6847]]], [[[88.543, 21.7239], [88.5692, 21.6694], [88.5509, 21.6365], [88.5172, 21.7108], [88.5457, 21.7361], [88.5708, 21.7325], [88.5907, 21.6906], [88.5802, 21.6847], [88.5699, 21.7106], [88.543, 21.7239]]], [[[88.3428, 21.7544], [88.3602, 21.7474], [88.3597, 21.7349], [88.3653, 21.7222], [88.3981, 21.7133], [88.3606, 21.6864], [88.3428, 21.7544]]], [[[88.1959, 21.7301], [88.2014, 21.7367], [88.2, 21.7289], [88.1959, 21.7301]]], [[[88.7308, 21.682], [88.748, 21.6583], [88.7111, 21.6902], [88.695, 21.7439], [88.7162, 21.8074], [88.7281, 21.7778], [88.7593, 21.7592], [88.7528, 21.7316], [88.7767, 21.7211], [88.7359, 21.7193], [88.7628, 21.6929], [88.7293, 21.6868], [88.7308, 21.682]]], [[[88.2973, 21.7056], [88.278, 21.7282], [88.2889, 21.7785], [88.2973, 21.7056]]], [[[88.475, 21.7914], [88.4331, 21.7045], [88.4234, 21.7677], [88.475, 21.7914]]], [[[88.3849, 21.7644], [88.3624, 21.7323], [88.3615, 21.7477], [88.3849, 21.7644]]], [[[88.6097, 21.7903], [88.6308, 21.7425], [88.6089, 21.7081], [88.6231, 21.7367], [88.5863, 21.7566], [88.6097, 21.7903]]], [[[88.1369, 21.875], [88.1636, 21.7995], [88.1707, 21.7424], [88.1434, 21.6796], [88.1547, 21.65], [88.1092, 21.6258], [88.0417, 21.6492], [88.1369, 21.875]]], [[[88.5856, 21.7539], [88.6164, 21.7276], [88.5797, 21.7258], [88.5822, 21.7778], [88.5856, 21.7539]]], [[[88.3827, 21.7791], [88.4427, 21.7997], [88.4209, 21.7672], [88.4228, 21.7198], [88.3827, 21.7791]]], [[[88.2022, 21.7614], [88.1964, 21.7575], [88.1939, 21.7633], [88.2022, 21.7614]]], [[[88.5042, 21.7708], [88.5446, 21.8103], [88.5725, 21.7356], [88.5417, 21.7377], [88.5194, 21.7192], [88.5044, 21.7574], [88.5353, 21.792], [88.5042, 21.7708]]], [[[88.2806, 21.7672], [88.2792, 21.7697], [88.2819, 21.7686], [88.2806, 21.7672]]], [[[88.7567, 21.7334], [88.7821, 21.8252], [88.7875, 21.745], [88.7567, 21.7334]]], [[[88.2636, 21.7924], [88.2874, 21.7844], [88.2833, 21.7694], [88.2636, 21.7924]]], [[[88.2939, 21.8028], [88.296, 21.774], [88.286, 21.7891], [88.2598, 21.8042], [88.307, 21.8297], [88.3311, 21.8607], [88.3527, 21.8542], [88.3504, 21.8264], [88.3608, 21.7968], [88.38, 21.7873], [88.3429, 21.7596], [88.3403, 21.7405], [88.345, 21.7217], [88.3171, 21.7089], [88.2939, 21.8028]]], [[[88.501, 21.7818], [88.5064, 21.7883], [88.5069, 21.7875], [88.501, 21.7818]]], [[[88.1853, 21.7906], [88.1792, 21.79], [88.1808, 21.7958], [88.1853, 21.7906]]], [[[88.7461, 21.7722], [88.7283, 21.7797], [88.7506, 21.8142], [88.7461, 21.7722]]], [[[88.1741, 21.7997], [88.1692, 21.7906], [88.1653, 21.8003], [88.1741, 21.7997]]], [[[88.4961, 21.8078], [88.4531, 21.8057], [88.4503, 21.8151], [88.4849, 21.8347], [88.4961, 21.8078]]], [[[88.1855, 21.8207], [88.1856, 21.8192], [88.1778, 21.8247], [88.1855, 21.8207]]], [[[88.5922, 21.85], [88.618, 21.8292], [88.6142, 21.7981], [88.576, 21.817], [88.5922, 21.85]]], [[[88.5603, 21.8275], [88.5566, 21.824], [88.5558, 21.8258], [88.5603, 21.8275]]], [[[88.5275, 21.8433], [88.5242, 21.835], [88.5158, 21.8394], [88.5275, 21.8433]]], [[[88.6211, 21.8314], [88.5947, 21.8544], [88.6217, 21.8978], [88.6333, 21.8697], [88.6535, 21.8677], [88.6389, 21.7847], [88.6211, 21.8314]]], [[[88.7181, 21.9072], [88.7806, 21.8594], [88.7686, 21.8525], [88.7578, 21.7811], [88.7517, 21.8153], [88.7075, 21.8114], [88.7281, 21.8375], [88.6967, 21.8381], [88.7181, 21.9072]]], [[[88.4015, 21.798], [88.4188, 21.8893], [88.419, 21.9024], [88.4821, 21.8878], [88.4902, 21.8564], [88.4481, 21.8153], [88.4615, 21.7898], [88.424, 21.8124], [88.4015, 21.798]]], [[[88.5365, 21.8537], [88.5416, 21.8574], [88.5408, 21.8551], [88.5365, 21.8537]]], [[[88.551, 21.8173], [88.5306, 21.8492], [88.5425, 21.8556], [88.5503, 21.881], [88.5412, 21.9026], [88.5727, 21.8584], [88.551, 21.8173]]], [[[88.5858, 21.874], [88.5811, 21.8725], [88.5847, 21.8766], [88.5858, 21.874]]], [[[88.6345, 21.8706], [88.6234, 21.9014], [88.6675, 21.9117], [88.6345, 21.8706]]], [[[88.136, 21.8945], [88.1386, 21.8981], [88.1378, 21.8962], [88.136, 21.8945]]], [[[88.1128, 21.9106], [88.1093, 21.8839], [88.1044, 21.8978], [88.1128, 21.9106]]], [[[88.7761, 21.8697], [88.7189, 21.9092], [88.7236, 21.9319], [88.7361, 21.9181], [88.7994, 21.9197], [88.8081, 21.8844], [88.7761, 21.8697]]], [[[88.4903, 21.8894], [88.4886, 21.9103], [88.5047, 21.9128], [88.4903, 21.8894]]], [[[88.4228, 21.9061], [88.4251, 21.9036], [88.4207, 21.9039], [88.4228, 21.9061]]], [[[88.1446, 21.9153], [88.1294, 21.8989], [88.1161, 21.9183], [88.1446, 21.9153]]], [[[88.4457, 21.9061], [88.4423, 21.9088], [88.4565, 21.9138], [88.4457, 21.9061]]], [[[88.1597, 21.9286], [88.1714, 21.9322], [88.1653, 21.9161], [88.1597, 21.9286]]], [[[88.7507, 21.9549], [88.7865, 21.9527], [88.8058, 21.9365], [88.7333, 21.9247], [88.7237, 21.9738], [88.7507, 21.9549]]], [[[88.0472, 21.9117], [88.0733, 21.9953], [88.1414, 22.0264], [88.0875, 21.9328], [88.0472, 21.9117]]], [[[88.66, 22.0192], [88.7158, 22.0006], [88.6782, 21.9429], [88.6286, 21.958], [88.66, 22.0192]]], [[[88.7528, 21.9883], [88.7428, 21.9834], [88.7583, 22.0071], [88.7528, 21.9883]]], [[[88.7789, 22.0372], [88.791, 22.0294], [88.7617, 22.0214], [88.7757, 22.0497], [88.7789, 22.0372]]], [[[88.7309, 22.0436], [88.7334, 22.0436], [88.734, 22.0423], [88.7309, 22.0436]]], [[[88.6294, 22.0525], [88.6286, 22.062], [88.6322, 22.0617], [88.6294, 22.0525]]], [[[88.0292, 22.0589], [88.0275, 22.0619], [88.0294, 22.0625], [88.0292, 22.0589]]], [[[88.689, 22.0811], [88.689, 22.0819], [88.6904, 22.0811], [88.689, 22.0811]]], [[[88.704, 22.0883], [88.692, 22.0855], [88.7223, 22.0991], [88.704, 22.0883]]], [[[88.7381, 22.1345], [88.6831, 22.0808], [88.7357, 22.0316], [88.721, 22.0053], [88.6638, 22.0238], [88.6342, 22.1062], [88.6952, 22.2086], [88.7892, 22.1694], [88.7381, 22.1345]]], [[[88.7299, 22.1234], [88.7363, 22.1288], [88.7355, 22.1236], [88.7299, 22.1234]]], [[[88.7392, 22.057], [88.7047, 22.065], [88.7492, 22.135], [88.8092, 22.1794], [88.8296, 22.1653], [88.8383, 22.167], [88.8281, 22.208], [88.8447, 22.1892], [88.8503, 22.1922], [88.8532, 22.2043], [88.8605, 22.2033], [88.8683, 22.1712], [88.8508, 22.1736], [88.8433, 22.1672], [88.8559, 22.1445], [88.7776, 22.1112], [88.7392, 22.057]]], [[[87.9939, 22.2156], [87.9967, 22.2128], [87.9919, 22.2128], [87.9939, 22.2156]]], [[[88.7472, 22.1986], [88.7916, 22.2584], [88.7951, 22.2761], [88.8126, 22.2834], [88.8257, 22.2414], [88.7985, 22.226], [88.8341, 22.1669], [88.8096, 22.1833], [88.7942, 22.1706], [88.7472, 22.1986]]], [[[87.9372, 22.4036], [87.9328, 22.4089], [87.9333, 22.4097], [87.9372, 22.4036]]], [[[87.9192, 22.4291], [87.9194, 22.4295], [87.9234, 22.4279], [87.9192, 22.4291]]], [[[87.9128, 22.4311], [87.9183, 22.43], [87.9081, 22.4308], [87.9128, 22.4311]]], [[[88.676, 24.3155], [88.6748, 24.3146], [88.6751, 24.3154], [88.676, 24.3155]]], [[[87.3068, 27.8366], [87.3062, 27.8432], [87.3062, 27.8432], [87.3068, 27.8366]]], [[[87.2525, 27.8429], [87.2512, 27.8431], [87.2513, 27.8431], [87.2525, 27.8429]]], [[[87.2629, 27.8507], [87.2672, 27.8501], [87.2663, 27.8495], [87.2629, 27.8507]]], [[[92.4347, 10.5483], [92.3853, 10.5322], [92.4206, 10.6147], [92.3803, 10.6675], [92.3761, 10.7817], [92.3975, 10.7606], [92.4569, 10.8614], [92.4995, 10.8907], [92.5106, 10.8692], [92.5158, 10.8976], [92.5877, 10.7869], [92.5968, 10.6783], [92.5398, 10.6106], [92.5694, 10.5789], [92.5131, 10.5117], [92.4347, 10.5483]]], [[[92.6183, 10.9339], [92.62, 10.9286], [92.6091, 10.9304], [92.6183, 10.9339]]], [[[92.2214, 10.9829], [92.2222, 10.9728], [92.2147, 10.9775], [92.2214, 10.9829]]], [[[92.6584, 10.9866], [92.6619, 10.9928], [92.6698, 10.9885], [92.6584, 10.9866]]], [[[92.6811, 11.1811], [92.6775, 11.1769], [92.6747, 11.1894], [92.6811, 11.1811]]], [[[92.7058, 11.2631], [92.6874, 11.2421], [92.706, 11.2892], [92.7058, 11.2631]]], [[[92.7103, 11.3086], [92.7122, 11.3031], [92.6983, 11.3081], [92.7103, 11.3086]]], [[[92.5564, 11.3952], [92.5627, 11.3972], [92.5627, 11.3937], [92.5564, 11.3952]]], [[[92.5459, 11.3959], [92.5504, 11.3972], [92.5507, 11.3946], [92.5459, 11.3959]]], [[[92.6493, 11.4072], [92.6909, 11.3703], [92.6003, 11.3465], [92.5871, 11.4005], [92.6229, 11.4053], [92.6136, 11.4742], [92.6415, 11.5101], [92.6858, 11.4366], [92.6493, 11.4072]]], [[[92.6712, 11.4873], [92.6702, 11.4888], [92.6724, 11.489], [92.6712, 11.4873]]], [[[92.6103, 11.5077], [92.6163, 11.5113], [92.6153, 11.5095], [92.6103, 11.5077]]], [[[92.646, 11.5141], [92.6439, 11.5142], [92.6457, 11.5154], [92.646, 11.5141]]], [[[92.2705, 11.5171], [92.2728, 11.5182], [92.2733, 11.5165], [92.2705, 11.5171]]], [[[92.5691, 11.5274], [92.5664, 11.517], [92.5527, 11.531], [92.5691, 11.5274]]], [[[92.6008, 11.5301], [92.6064, 11.5345], [92.6065, 11.5219], [92.6008, 11.5301]]], [[[92.6203, 11.5561], [92.6105, 11.5318], [92.6016, 11.5535], [92.6203, 11.5561]]], [[[92.6266, 11.544], [92.6283, 11.5492], [92.6297, 11.5467], [92.6266, 11.544]]], [[[92.5972, 11.5626], [92.5836, 11.5344], [92.5924, 11.5774], [92.5972, 11.5626]]], [[[92.2698, 11.5225], [92.2145, 11.5295], [92.2189, 11.5923], [92.2707, 11.5841], [92.2698, 11.5225]]], [[[92.5729, 11.5656], [92.577, 11.5709], [92.577, 11.569], [92.5729, 11.5656]]], [[[92.5656, 11.5707], [92.567, 11.5687], [92.5652, 11.5681], [92.5656, 11.5707]]], [[[92.6192, 11.5771], [92.6146, 11.5627], [92.6006, 11.5681], [92.6192, 11.5771]]], [[[92.5694, 11.5884], [92.5302, 11.5541], [92.532, 11.5951], [92.5694, 11.5884]]], [[[92.5794, 11.5844], [92.5766, 11.5849], [92.5772, 11.5853], [92.5794, 11.5844]]], [[[92.7008, 11.6594], [92.6928, 11.6607], [92.6951, 11.6634], [92.7008, 11.6594]]], [[[92.5495, 11.7243], [92.5514, 11.7253], [92.5506, 11.7237], [92.5495, 11.7243]]], [[[92.7688, 11.999], [92.7281, 11.9948], [92.7144, 11.933], [92.7244, 11.8509], [92.6801, 11.8186], [92.7182, 11.8245], [92.7463, 11.9318], [92.7845, 11.9361], [92.7551, 11.7011], [92.7019, 11.7071], [92.7082, 11.6701], [92.6662, 11.6539], [92.6946, 11.6227], [92.7215, 11.6863], [92.7567, 11.6651], [92.7113, 11.4773], [92.6469, 11.522], [92.6473, 11.5724], [92.6179, 11.5628], [92.6203, 11.5736], [92.6191, 11.5827], [92.6074, 11.5948], [92.6082, 11.6197], [92.6361, 11.6156], [92.6444, 11.6363], [92.6084, 11.634], [92.5881, 11.7179], [92.5616, 11.6948], [92.5464, 11.8349], [92.5135, 11.848], [92.5624, 11.9465], [92.611, 11.8713], [92.6236, 12.1028], [92.6359, 12.1205], [92.662, 12.2155], [92.6551, 12.1817], [92.7009, 12.2356], [92.7037, 12.1654], [92.7575, 12.1764], [92.7362, 12.1066], [92.7353, 12.0653], [92.7836, 12.0469], [92.7366, 12.0159], [92.7688, 11.999]]], [[[92.5956, 11.915], [92.6011, 11.9189], [92.6017, 11.9144], [92.5956, 11.915]]], [[[92.568, 11.9501], [92.5686, 11.9437], [92.5629, 11.9473], [92.568, 11.9501]]], [[[92.5886, 11.9753], [92.6094, 11.9428], [92.5989, 11.9278], [92.5886, 11.9753]]], [[[92.5815, 11.9794], [92.584, 11.9827], [92.5851, 11.9777], [92.5815, 11.9794]]], [[[92.6287, 12.1151], [92.6304, 12.1166], [92.6303, 12.1133], [92.6287, 12.1151]]], [[[92.6303, 12.1195], [92.6315, 12.1205], [92.6314, 12.119], [92.6303, 12.1195]]], [[[92.6801, 12.2189], [92.6828, 12.2244], [92.6835, 12.2231], [92.6801, 12.2189]]], [[[92.6961, 12.2466], [92.697, 12.2508], [92.6994, 12.2483], [92.6961, 12.2466]]], [[[92.6846, 12.5388], [92.6781, 12.5222], [92.6686, 12.5342], [92.6846, 12.5388]]], [[[92.7034, 12.6394], [92.7009, 12.6391], [92.7022, 12.6407], [92.7034, 12.6394]]], [[[92.6543, 12.7714], [92.6568, 12.774], [92.6575, 12.7732], [92.6543, 12.7714]]], [[[92.6645, 12.8806], [92.6706, 12.9123], [92.6369, 12.9195], [92.6701, 12.918], [92.6957, 12.992], [92.7199, 12.9784], [92.7215, 12.8883], [92.6682, 12.7826], [92.6632, 12.8791], [92.6299, 12.8827], [92.6645, 12.8806]]], [[[92.6726, 12.9492], [92.6701, 12.9483], [92.6701, 12.9495], [92.6726, 12.9492]]], [[[92.6698, 12.9522], [92.6687, 12.9516], [92.6681, 12.9536], [92.6698, 12.9522]]], [[[92.7061, 13.0701], [92.6961, 13.095], [92.7192, 13.0989], [92.7061, 13.0701]]], [[[88.8347, 21.6072], [88.9036, 21.5558], [88.8428, 21.5539], [88.8347, 21.6072]]], [[[88.9658, 21.6415], [88.9925, 21.6167], [88.9559, 21.6176], [88.9552, 21.6771], [88.9616, 21.6642], [88.962, 21.6487], [88.9658, 21.6415]]], [[[88.9924, 21.6441], [88.9508, 21.7007], [88.9879, 21.653], [88.9964, 21.649], [89.0228, 21.654], [89.0288, 21.6048], [89.0, 21.6017], [88.9924, 21.6441]]], [[[88.8939, 21.6492], [88.889, 21.6546], [88.89, 21.6545], [88.8939, 21.6492]]], [[[89.0516, 21.6175], [89.0247, 21.6949], [89.0098, 21.7049], [89.0592, 21.7218], [89.095, 21.644], [89.0516, 21.6175]]], [[[88.9208, 21.6322], [88.8731, 21.6944], [88.8831, 21.7453], [88.9403, 21.6953], [88.9208, 21.6322]]], [[[88.815, 21.71], [88.7625, 21.7014], [88.7816, 21.716], [88.7908, 21.7492], [88.8653, 21.7586], [88.8392, 21.7069], [88.86, 21.6372], [88.8286, 21.6506], [88.8458, 21.62], [88.8089, 21.6388], [88.815, 21.71]]], [[[88.978, 21.7269], [89.0242, 21.6877], [89.0078, 21.6522], [88.978, 21.7269]]], [[[88.9833, 21.7058], [88.9228, 21.7197], [88.9271, 21.7619], [88.9875, 21.7447], [88.9694, 21.7228], [88.9833, 21.7058]]], [[[89.0164, 21.7324], [89.0254, 21.757], [89.0593, 21.7259], [89.0174, 21.7178], [89.0164, 21.7324]]], [[[88.9879, 21.7466], [88.9511, 21.7578], [89.0116, 21.7802], [88.9967, 21.7658], [89.0043, 21.7161], [88.9879, 21.7466]]], [[[88.9069, 21.7942], [88.8831, 21.8081], [88.9372, 21.8167], [88.8978, 21.7519], [88.9069, 21.7942]]], [[[88.9902, 21.79], [89.0165, 21.812], [89.0237, 21.7591], [88.9988, 21.7669], [89.0128, 21.7798], [88.9902, 21.79]]], [[[88.8217, 21.8229], [88.8303, 21.7667], [88.7908, 21.75], [88.8217, 21.8229]]], [[[88.835, 21.7817], [88.8553, 21.8581], [88.8772, 21.8517], [88.8822, 21.7972], [88.8981, 21.7786], [88.8914, 21.7536], [88.9133, 21.7278], [88.835, 21.7817]]], [[[88.9328, 21.8369], [88.9767, 21.8206], [88.9403, 21.7931], [88.9404, 21.7824], [88.9589, 21.7708], [88.9214, 21.7661], [88.9142, 21.7556], [88.9389, 21.8167], [88.9328, 21.8369]]], [[[88.7658, 21.8289], [88.8297, 21.8622], [88.795, 21.7914], [88.7897, 21.8214], [88.7842, 21.8261], [88.7658, 21.8289]]], [[[88.9503, 21.8381], [88.9791, 21.8674], [88.9791, 21.8935], [89.0289, 21.8658], [88.9892, 21.8681], [89.03, 21.8345], [88.9705, 21.7751], [88.9428, 21.7865], [88.9766, 21.8051], [88.9779, 21.8235], [88.9503, 21.8381]]], [[[88.9392, 21.8536], [88.9069, 21.8789], [88.9392, 21.85], [88.888, 21.8122], [88.8781, 21.8539], [88.8196, 21.9282], [88.8366, 21.9179], [88.8901, 21.9147], [88.9152, 21.9282], [88.9739, 21.8978], [88.9767, 21.8675], [88.9556, 21.8539], [88.9433, 21.8847], [88.9392, 21.8536]]], [[[88.8092, 21.8833], [88.8408, 21.8869], [88.8294, 21.8647], [88.8003, 21.8706], [88.8092, 21.8833]]], [[[88.7533, 21.9853], [88.8003, 21.9705], [88.7767, 21.9908], [88.7536, 21.9881], [88.7617, 22.0149], [88.9025, 22.0117], [88.9073, 21.9295], [88.8566, 21.9191], [88.7872, 21.955], [88.7525, 21.9561], [88.7533, 21.9853]]], [[[88.9745, 21.9936], [88.9849, 22.0549], [89.0736, 22.0042], [89.0598, 21.932], [88.9995, 21.9495], [89.0325, 22.0021], [88.9924, 21.9736], [88.9756, 21.9914], [88.9994, 22.0071], [88.9745, 21.9936]]], [[[88.8902, 22.0458], [88.8917, 22.0147], [88.852, 22.0412], [88.8902, 22.0458]]], [[[88.7802, 22.0378], [88.8314, 22.0502], [88.8322, 22.0272], [88.7802, 22.0378]]], [[[88.9636, 22.057], [88.9725, 21.9878], [88.9922, 21.97], [89.0135, 21.9791], [88.9909, 21.9519], [89.0126, 21.902], [88.9688, 21.9211], [88.9764, 21.9461], [88.9661, 21.9229], [88.9359, 21.9365], [88.9127, 21.9944], [88.9014, 22.0653], [88.9403, 22.128], [88.8939, 22.1697], [88.9197, 22.1611], [88.95, 22.1892], [88.9849, 22.1271], [88.9689, 22.0826], [88.9505, 22.1042], [88.9669, 22.0786], [88.9246, 22.0646], [88.9461, 22.0], [88.9349, 22.0551], [88.9636, 22.057]]], [[[88.836, 22.0254], [88.8529, 22.0788], [88.8903, 22.0478], [88.854, 22.0446], [88.836, 22.0254]]], [[[88.871, 22.0644], [88.8972, 22.0892], [88.8909, 22.0604], [88.871, 22.0644]]], [[[88.7484, 22.0574], [88.7838, 22.1069], [88.8035, 22.0853], [88.815, 22.0806], [88.8278, 22.086], [88.8362, 22.0663], [88.7484, 22.0574]]], [[[88.8179, 22.123], [88.8457, 22.1194], [88.8679, 22.085], [88.8384, 22.0902], [88.8675, 22.0825], [88.8512, 22.0794], [88.8381, 22.0731], [88.8192, 22.1044], [88.8059, 22.0848], [88.8179, 22.123]]], [[[89.0277, 22.0792], [89.026, 22.0529], [88.9624, 22.0605], [88.9969, 22.138], [88.9727, 22.1934], [89.0019, 22.1992], [89.0222, 22.1486], [89.0505, 22.1306], [89.0146, 22.114], [89.0382, 22.0534], [89.0277, 22.0792]]], [[[88.8999, 22.1481], [88.9157, 22.0903], [88.8307, 22.1271], [88.8602, 22.1424], [88.8488, 22.1689], [88.8999, 22.1481]]], [[[88.9616, 22.1972], [88.9081, 22.1963], [88.9324, 22.225], [88.9616, 22.1972]]], [[[88.8876, 22.2659], [88.8433, 22.2897], [88.8872, 22.2649], [88.8857, 22.2362], [88.9139, 22.2161], [88.9045, 22.1972], [88.9186, 22.1653], [88.8982, 22.1779], [88.8723, 22.1714], [88.8662, 22.1941], [88.8834, 22.2001], [88.8835, 22.2123], [88.841, 22.2143], [88.8758, 22.2528], [88.8394, 22.2155], [88.8419, 22.2117], [88.8495, 22.2098], [88.8823, 22.2116], [88.8811, 22.2002], [88.8299, 22.2101], [88.8246, 22.2043], [88.8255, 22.1984], [88.8195, 22.1964], [88.8006, 22.2258], [88.8284, 22.2419], [88.8183, 22.3589], [88.9369, 22.2991], [88.9541, 22.2252], [88.887, 22.2363], [88.8955, 22.2524], [88.8876, 22.2659]]], [[[88.9725, 22.2097], [88.9472, 22.2556], [88.9674, 22.4077], [88.9836, 22.3253], [89.0233, 22.2975], [88.9939, 22.2861], [89.0669, 22.1983], [89.0686, 22.1474], [89.0963, 22.155], [89.0622, 22.1284], [89.0197, 22.2056], [88.9725, 22.2097]]], [[[88.8748, 22.3868], [88.8986, 22.3367], [88.8608, 22.3708], [88.8748, 22.3868]]], [[[88.8719, 22.4053], [88.8697, 22.41], [88.8744, 22.4056], [88.8719, 22.4053]]], [[[88.9172, 22.4236], [88.9114, 22.4237], [88.9172, 22.429], [88.9172, 22.4236]]], [[[88.9258, 22.4062], [88.9078, 22.4158], [88.9186, 22.422], [88.9205, 22.4267], [88.8947, 22.4661], [88.9144, 22.5111], [88.895, 22.5596], [88.96, 22.5486], [88.9986, 22.4303], [88.9642, 22.4092], [88.9578, 22.3647], [88.9394, 22.419], [88.9419, 22.3099], [88.8964, 22.3798], [88.93, 22.3903], [88.9258, 22.4062]]], [[[88.8561, 22.4228], [88.8677, 22.4879], [88.8436, 22.5068], [88.8977, 22.5489], [88.8923, 22.4654], [88.9028, 22.4147], [88.9217, 22.4014], [88.888, 22.3783], [88.8981, 22.3667], [88.8766, 22.3869], [88.8822, 22.4036], [88.8561, 22.4228]]], [[[88.8586, 22.4622], [88.8561, 22.4589], [88.8569, 22.4725], [88.8586, 22.4622]]], [[[88.7814, 22.5006], [88.8217, 22.4348], [88.8348, 22.4338], [88.8192, 22.4323], [88.804, 22.4445], [88.7814, 22.5006]]], [[[88.9363, 22.5613], [88.9336, 22.5578], [88.93, 22.5631], [88.9363, 22.5613]]], [[[88.9365, 22.6191], [88.9346, 22.6215], [88.9361, 22.6216], [88.9365, 22.6191]]], [[[92.8519, 8.8222], [92.8586, 8.8374], [92.8633, 8.8299], [92.8519, 8.8222]]], [[[92.7967, 9.1177], [92.7922, 9.1178], [92.7986, 9.1183], [92.7967, 9.1177]]], [[[92.8044, 9.12], [92.8028, 9.1189], [92.7997, 9.1186], [92.8044, 9.12]]], [[[92.8147, 9.1258], [92.8117, 9.1244], [92.8117, 9.1256], [92.8147, 9.1258]]], [[[92.7739, 9.2561], [92.8243, 9.1958], [92.8544, 9.2092], [92.8255, 9.1921], [92.8306, 9.1387], [92.7894, 9.1169], [92.7317, 9.1244], [92.7208, 9.2136], [92.7667, 9.2153], [92.7739, 9.2561]]], [[[92.7256, 11.1417], [92.7242, 11.1403], [92.7228, 11.1433], [92.7256, 11.1417]]], [[[92.735, 11.1456], [92.7303, 11.1415], [92.7269, 11.1456], [92.735, 11.1456]]], [[[92.724, 11.332], [92.7128, 11.309], [92.7217, 11.3331], [92.724, 11.332]]], [[[92.7598, 11.6767], [92.7659, 11.6808], [92.7666, 11.6784], [92.7598, 11.6767]]], [[[92.7252, 11.6867], [92.7218, 11.6877], [92.7228, 11.6896], [92.7252, 11.6867]]], [[[92.7233, 11.9529], [92.7319, 11.9448], [92.7264, 11.941], [92.7233, 11.9529]]], [[[92.7671, 11.9559], [92.7458, 11.9448], [92.7362, 11.9532], [92.7671, 11.9559]]], [[[92.742, 11.9661], [92.7444, 11.9674], [92.7452, 11.9661], [92.742, 11.9661]]], [[[92.7712, 12.0178], [92.7747, 12.0128], [92.7714, 12.0139], [92.7712, 12.0178]]], [[[92.7426, 12.1122], [92.7387, 12.1069], [92.739, 12.1105], [92.7426, 12.1122]]], [[[92.844, 12.149], [92.8468, 12.151], [92.8472, 12.1504], [92.844, 12.149]]], [[[92.7637, 12.1794], [92.7592, 12.1666], [92.7595, 12.178], [92.7565, 12.1802], [92.7637, 12.1794]]], [[[92.7191, 12.1794], [92.7194, 12.1813], [92.7209, 12.1823], [92.7191, 12.1794]]], [[[92.7325, 12.1824], [92.7285, 12.1816], [92.7254, 12.1861], [92.7325, 12.1824]]], [[[92.8466, 12.1977], [92.8506, 12.1573], [92.8226, 12.1655], [92.8125, 12.1069], [92.7647, 12.0633], [92.7392, 12.0948], [92.7677, 12.1866], [92.7699, 12.2369], [92.7423, 12.2455], [92.7817, 12.2851], [92.7766, 12.3103], [92.7961, 12.3039], [92.81, 12.3128], [92.8303, 12.3003], [92.8664, 12.3056], [92.8893, 12.2659], [92.8783, 12.2514], [92.8647, 12.2513], [92.8589, 12.2458], [92.8805, 12.1951], [92.8466, 12.1977]]], [[[92.7637, 12.1822], [92.7234, 12.1888], [92.7306, 12.2425], [92.7329, 12.2103], [92.7623, 12.2294], [92.7637, 12.1822]]], [[[92.9133, 12.2228], [92.8792, 12.2083], [92.8708, 12.2447], [92.8845, 12.2392], [92.9017, 12.2558], [92.9133, 12.2228]]], [[[92.8615, 12.243], [92.866, 12.2507], [92.8692, 12.248], [92.8615, 12.243]]], [[[92.8794, 12.2481], [92.8819, 12.2489], [92.8811, 12.2453], [92.8794, 12.2481]]], [[[92.9014, 12.2591], [92.9003, 12.2586], [92.8994, 12.2608], [92.9014, 12.2591]]], [[[92.7239, 12.2914], [92.7107, 12.2303], [92.7015, 12.2674], [92.7239, 12.2914]]], [[[92.7429, 12.2552], [92.7348, 12.2485], [92.7401, 12.2727], [92.7395, 12.2821], [92.7429, 12.2552]]], [[[92.9344, 12.3106], [92.9287, 12.2379], [92.9221, 12.231], [92.9015, 12.2882], [92.9267, 12.2806], [92.9344, 12.3106]]], [[[92.7351, 12.2694], [92.7384, 12.2755], [92.7387, 12.273], [92.7351, 12.2694]]], [[[92.768, 12.2845], [92.7531, 12.2775], [92.7629, 12.2941], [92.768, 12.2845]]], [[[92.7359, 12.2816], [92.7354, 12.2885], [92.7382, 12.2924], [92.7359, 12.2816]]], [[[92.7689, 12.2885], [92.7667, 12.2891], [92.7684, 12.293], [92.7689, 12.2885]]], [[[92.7528, 12.2942], [92.755, 12.2936], [92.7531, 12.2919], [92.7528, 12.2942]]], [[[92.877, 12.2959], [92.8802, 12.2978], [92.8806, 12.2954], [92.877, 12.2959]]], [[[92.7659, 12.2974], [92.7637, 12.2966], [92.7637, 12.2982], [92.7659, 12.2974]]], [[[92.9136, 12.3331], [92.9111, 12.3333], [92.9119, 12.3353], [92.9136, 12.3331]]], [[[92.9045, 12.34], [92.9054, 12.3411], [92.9066, 12.3399], [92.9045, 12.34]]], [[[92.9094, 12.3482], [92.915, 12.3555], [92.9188, 12.3502], [92.9094, 12.3482]]], [[[92.8444, 12.395], [92.8888, 12.4076], [92.884, 12.3742], [92.8444, 12.395]]], [[[92.8954, 12.3928], [92.8962, 12.3952], [92.8978, 12.3943], [92.8954, 12.3928]]], [[[92.8975, 12.4089], [92.8981, 12.4114], [92.8992, 12.4114], [92.8975, 12.4089]]], [[[92.8895, 12.414], [92.8883, 12.4133], [92.8886, 12.4142], [92.8895, 12.414]]], [[[92.8692, 12.4138], [92.8606, 12.4135], [92.8589, 12.4168], [92.8692, 12.4138]]], [[[92.8381, 12.425], [92.8464, 12.415], [92.8339, 12.4175], [92.8381, 12.425]]], [[[92.8996, 12.4214], [92.9004, 12.426], [92.9049, 12.4231], [92.8996, 12.4214]]], [[[92.8759, 12.4447], [92.8755, 12.444], [92.8743, 12.4445], [92.8759, 12.4447]]], [[[92.9321, 12.4807], [92.9579, 12.4677], [92.9153, 12.4437], [92.9145, 12.4059], [92.909, 12.4211], [92.8783, 12.4447], [92.8858, 12.454], [92.8347, 12.4948], [92.849, 12.4586], [92.899, 12.4156], [92.7965, 12.438], [92.7911, 12.4697], [92.7942, 12.4382], [92.8303, 12.4278], [92.8386, 12.395], [92.8598, 12.3625], [92.89, 12.3504], [92.8951, 12.3203], [92.7715, 12.3197], [92.7204, 12.3003], [92.7075, 12.5969], [92.6845, 12.6081], [92.7533, 12.6708], [92.7854, 12.6192], [92.7886, 12.6745], [92.7792, 12.7131], [92.7689, 12.6721], [92.7329, 12.6744], [92.7461, 12.7225], [92.7239, 12.8271], [92.7378, 12.8103], [92.7608, 12.8594], [92.7822, 12.8075], [92.7919, 12.8899], [92.811, 12.8975], [92.8417, 12.8756], [92.8735, 12.8812], [92.896, 12.8988], [92.8978, 12.9274], [92.9541, 12.807], [92.9342, 12.7738], [92.9805, 12.7097], [92.9684, 12.4967], [92.9321, 12.4807]]], [[[92.7309, 12.7026], [92.7312, 12.7045], [92.7325, 12.7034], [92.7309, 12.7026]]], [[[92.7229, 12.7356], [92.7296, 12.7309], [92.7279, 12.7267], [92.7229, 12.7356]]], [[[92.7255, 12.7522], [92.7254, 12.7537], [92.7267, 12.7533], [92.7255, 12.7522]]], [[[92.711, 12.829], [92.7123, 12.7771], [92.7255, 12.7487], [92.718, 12.7189], [92.6945, 12.7971], [92.711, 12.829]]], [[[92.72, 12.7778], [92.7172, 12.7878], [92.725, 12.7617], [92.72, 12.7778]]], [[[92.7156, 12.7757], [92.7156, 12.777], [92.7176, 12.7762], [92.7156, 12.7757]]], [[[92.7165, 12.7959], [92.7151, 12.795], [92.7154, 12.797], [92.7165, 12.7959]]], [[[92.7156, 12.8006], [92.717, 12.7987], [92.7162, 12.7984], [92.7156, 12.8006]]], [[[92.717, 12.8026], [92.716, 12.8026], [92.7165, 12.8043], [92.717, 12.8026]]], [[[92.7273, 12.8339], [92.7254, 12.8323], [92.7271, 12.8381], [92.7273, 12.8339]]], [[[92.7203, 12.8644], [92.7186, 12.8353], [92.71, 12.8336], [92.7203, 12.8644]]], [[[92.7315, 12.8553], [92.7296, 12.8548], [92.7298, 12.8564], [92.7315, 12.8553]]], [[[92.7612, 12.8677], [92.7658, 12.8726], [92.7672, 12.8579], [92.7612, 12.8677]]], [[[92.7777, 12.8667], [92.7763, 12.865], [92.7759, 12.866], [92.7777, 12.8667]]], [[[92.7604, 12.8772], [92.7571, 12.8761], [92.757, 12.8784], [92.7604, 12.8772]]], [[[92.7917, 12.891], [92.7858, 12.8819], [92.7817, 12.8853], [92.7917, 12.891]]], [[[92.892, 12.8998], [92.8935, 12.8975], [92.8916, 12.8976], [92.892, 12.8998]]], [[[92.7568, 12.8945], [92.7484, 12.8934], [92.7551, 12.9128], [92.7568, 12.8945]]], [[[92.7929, 12.8918], [92.7742, 12.906], [92.7916, 12.9166], [92.7929, 12.8918]]], [[[92.865, 12.9139], [92.8631, 12.9136], [92.8631, 12.9144], [92.865, 12.9139]]], [[[92.9123, 12.9137], [92.9086, 12.9136], [92.9114, 12.9175], [92.9123, 12.9137]]], [[[92.7682, 12.9164], [92.7667, 12.9172], [92.7667, 12.9178], [92.7682, 12.9164]]], [[[92.7673, 12.9203], [92.7642, 12.9175], [92.7623, 12.9219], [92.7673, 12.9203]]], [[[92.7759, 12.9261], [92.7721, 12.9178], [92.7701, 12.929], [92.7759, 12.9261]]], [[[92.8861, 12.923], [92.865, 12.9167], [92.86, 12.9331], [92.8861, 12.923]]], [[[92.7665, 12.9281], [92.7632, 12.9256], [92.7612, 12.9325], [92.7665, 12.9281]]], [[[92.89, 12.9372], [92.8928, 12.9364], [92.8895, 12.935], [92.89, 12.9372]]], [[[92.9023, 12.9409], [92.9031, 12.9383], [92.8998, 12.9409], [92.9023, 12.9409]]], [[[92.9108, 13.0036], [92.9111, 13.0053], [92.9128, 13.0033], [92.9108, 13.0036]]], [[[92.9189, 13.0436], [92.9146, 13.0422], [92.9161, 13.0475], [92.9189, 13.0436]]], [[[92.9132, 13.0615], [92.9135, 13.0669], [92.9168, 13.0626], [92.9132, 13.0615]]], [[[92.7314, 13.0932], [92.7283, 13.0903], [92.7281, 13.0928], [92.7314, 13.0932]]], [[[92.7936, 13.1686], [92.7976, 13.1693], [92.7968, 13.1676], [92.7936, 13.1686]]], [[[92.8189, 13.4164], [92.815, 13.4031], [92.8119, 13.4059], [92.8189, 13.4164]]], [[[92.8675, 13.4125], [92.8675, 13.4116], [92.865, 13.4119], [92.8675, 13.4125]]], [[[92.8217, 13.4367], [92.8419, 13.4258], [92.822, 13.4208], [92.8217, 13.4367]]], [[[92.8747, 13.5044], [92.8711, 13.5019], [92.8667, 13.5092], [92.8747, 13.5044]]], [[[92.9214, 13.5128], [92.9139, 13.5075], [92.9153, 13.5136], [92.9214, 13.5128]]], [[[92.9047, 13.5339], [92.9125, 13.5333], [92.9061, 13.5303], [92.9047, 13.5339]]], [[[92.8786, 13.5378], [92.8758, 13.5347], [92.8739, 13.5367], [92.8786, 13.5378]]], [[[92.9036, 13.5964], [92.8853, 13.5742], [92.8814, 13.5828], [92.9036, 13.5964]]], [[[93.7909, 6.851], [93.7853, 6.8481], [93.7844, 6.8492], [93.7909, 6.851]]], [[[93.8826, 6.7928], [93.8509, 6.8161], [93.8283, 6.7543], [93.8049, 6.7645], [93.8156, 6.8161], [93.7453, 6.9619], [93.6939, 7.0151], [93.663, 7.0066], [93.6556, 7.1253], [93.6861, 7.19], [93.8025, 7.2014], [93.8069, 7.2336], [93.8481, 7.2403], [93.8828, 7.2036], [93.8878, 7.0864], [93.9478, 6.9989], [93.9139, 7.0], [93.9455, 6.9558], [93.8972, 6.9022], [93.8826, 6.7928]]], [[[93.7122, 7.2081], [93.7091, 7.2312], [93.7215, 7.2131], [93.7122, 7.2081]]], [[[93.8459, 7.2856], [93.845, 7.2856], [93.8442, 7.2884], [93.8459, 7.2856]]], [[[93.6325, 7.3706], [93.7139, 7.3928], [93.7131, 7.4436], [93.7557, 7.3598], [93.6483, 7.2425], [93.6325, 7.3706]]], [[[93.6654, 7.384], [93.6662, 7.3835], [93.662, 7.3832], [93.6654, 7.384]]], [[[93.7725, 7.3983], [93.77, 7.3936], [93.7622, 7.3981], [93.7725, 7.3983]]], [[[93.695, 7.3994], [93.6908, 7.3967], [93.6831, 7.4053], [93.695, 7.3994]]], [[[93.6442, 7.4708], [93.6525, 7.4736], [93.6519, 7.4703], [93.6442, 7.4708]]], [[[93.6331, 7.4755], [93.6303, 7.4797], [93.6325, 7.48], [93.6331, 7.4755]]], [[[93.5503, 7.517], [93.5425, 7.51], [93.5397, 7.52], [93.5503, 7.517]]], [[[93.3404, 7.9047], [93.3427, 7.9051], [93.3424, 7.9041], [93.3404, 7.9047]]], [[[93.3405, 7.9095], [93.3394, 7.9086], [93.3388, 7.9106], [93.3405, 7.9095]]], [[[93.38, 8.0247], [93.465, 7.93], [93.4617, 7.8722], [93.4225, 7.9072], [93.3564, 7.8889], [93.3581, 7.9417], [93.3172, 7.9336], [93.3267, 8.0025], [93.38, 8.0247]]], [[[93.5072, 7.9847], [93.5325, 8.025], [93.5508, 7.9962], [93.5473, 8.0281], [93.5828, 7.9917], [93.5775, 7.9283], [93.5072, 7.9847]]], [[[93.6014, 8.05], [93.5614, 8.1181], [93.5786, 8.1253], [93.6014, 8.05]]], [[[93.5181, 8.0469], [93.5144, 8.0839], [93.485, 8.0519], [93.4539, 8.1736], [93.5265, 8.2313], [93.5453, 8.1978], [93.5031, 8.1482], [93.5503, 8.0361], [93.5084, 8.0338], [93.5008, 7.9972], [93.4853, 8.0444], [93.5111, 8.0683], [93.5181, 8.0469]]], [[[93.2517, 8.2334], [93.2201, 8.2451], [93.2353, 8.2656], [93.2517, 8.2334]]], [[[93.1264, 8.2764], [93.1994, 8.1939], [93.1208, 8.2225], [93.0872, 8.2694], [93.0947, 8.3392], [93.1434, 8.3465], [93.1264, 8.2764]]], [[[93.6533, 8.3878], [93.6437, 8.3934], [93.6453, 8.3947], [93.6533, 8.3878]]], [[[93.6354, 8.3968], [93.6339, 8.3949], [93.6332, 8.398], [93.6354, 8.3968]]], [[[93.0569, 8.46], [93.0353, 8.4486], [93.0439, 8.4733], [93.0569, 8.46]]], [[[93.6111, 8.4858], [93.6135, 8.4861], [93.6136, 8.4853], [93.6111, 8.4858]]], [[[93.6424, 8.4685], [93.6229, 8.4216], [93.616, 8.5736], [93.6424, 8.4685]]], [[[93.6094, 8.5794], [93.6083, 8.5781], [93.6066, 8.5813], [93.6094, 8.5794]]], [[[93.0776, 11.781], [93.0848, 11.7897], [93.0863, 11.786], [93.0776, 11.781]]], [[[93.0633, 11.8448], [93.05, 11.8122], [93.0208, 11.8433], [93.0633, 11.8448]]], [[[93.0427, 11.8823], [92.9255, 11.9958], [92.965, 12.0497], [93.0095, 12.0189], [93.0427, 11.8823]]], [[[92.9695, 12.065], [92.9711, 12.0652], [92.9711, 12.0643], [92.9695, 12.065]]], [[[93.0053, 12.1028], [92.9928, 12.0436], [92.9596, 12.1065], [93.0053, 12.1028]]], [[[92.9578, 12.0991], [92.9497, 12.0883], [92.9486, 12.1158], [92.9578, 12.0991]]], [[[93.0455, 12.0454], [93.0073, 12.1072], [92.9556, 12.1422], [92.985, 12.1481], [93.0042, 12.1133], [93.0278, 12.1569], [93.0455, 12.0454]]], [[[92.9925, 12.1105], [92.9925, 12.1116], [92.9939, 12.1111], [92.9925, 12.1105]]], [[[93.0963, 12.1348], [93.0988, 12.1358], [93.0979, 12.1335], [93.0963, 12.1348]]], [[[93.1236, 12.1403], [93.1156, 12.13], [93.1091, 12.1431], [93.1236, 12.1403]]], [[[93.0746, 12.0836], [93.0372, 12.1334], [93.0686, 12.2113], [93.095, 12.1424], [93.0746, 12.0836]]], [[[92.9249, 12.2115], [92.9416, 12.2174], [92.9332, 12.1959], [92.9249, 12.2115]]], [[[93.022, 12.2242], [93.0198, 12.2226], [93.0192, 12.2229], [93.022, 12.2242]]], [[[93.0778, 12.2619], [93.0867, 12.2372], [93.106, 12.2602], [93.1007, 12.2039], [93.0633, 12.2292], [93.0778, 12.2619]]], [[[93.0245, 12.278], [93.027, 12.2735], [93.0221, 12.2748], [93.0245, 12.278]]], [[[93.8508, 12.2873], [93.8397, 12.3208], [93.8807, 12.2366], [93.8625, 12.266], [93.8617, 12.2338], [93.832, 12.2412], [93.8502, 12.2694], [93.8267, 12.2449], [93.8242, 12.3075], [93.8508, 12.2873]]], [[[93.0729, 12.3154], [93.063, 12.3159], [93.0685, 12.3191], [93.0729, 12.3154]]], [[[92.9563, 12.4355], [92.9323, 12.3594], [92.9193, 12.3646], [92.9563, 12.4355]]], [[[92.9367, 12.915], [92.9342, 12.913], [92.9314, 12.9187], [92.9367, 12.915]]], [[[92.9597, 12.9889], [92.9722, 12.9691], [93.0067, 12.9969], [92.9828, 12.9345], [92.952, 12.9405], [92.9742, 12.9453], [92.9597, 12.9889]]], [[[92.9889, 12.9984], [92.9864, 13.0], [92.9894, 13.0006], [92.9889, 12.9984]]], [[[92.94, 13.0253], [92.9417, 12.9953], [92.9208, 13.0011], [92.94, 13.0253]]], [[[92.9486, 13.0211], [92.9453, 13.0253], [92.9494, 13.0247], [92.9486, 13.0211]]], [[[92.9344, 13.0514], [92.9325, 13.05], [92.9322, 13.0528], [92.9344, 13.0514]]], [[[93.0591, 13.2219], [93.0579, 13.2267], [93.06, 13.2256], [93.0591, 13.2219]]], [[[93.0658, 13.3031], [93.0417, 13.3672], [92.9868, 13.329], [92.9694, 13.3605], [92.9505, 13.3439], [92.9648, 13.3245], [93.0095, 13.32], [93.0068, 13.3093], [93.0219, 13.2953], [93.0126, 13.2952], [93.0125, 13.2767], [93.0667, 13.2725], [93.0322, 13.1789], [93.0349, 13.081], [93.0039, 13.0286], [92.9658, 13.035], [92.9746, 13.0129], [92.9348, 13.0428], [92.9367, 13.0847], [92.8943, 13.0565], [92.9163, 13.0541], [92.9017, 13.0218], [92.9081, 13.0], [92.9385, 12.9713], [92.9127, 12.9465], [92.9069, 12.985], [92.8823, 12.9827], [92.8544, 12.9274], [92.8729, 12.8832], [92.8417, 12.8766], [92.7942, 12.9144], [92.7941, 12.9856], [92.8251, 13.0127], [92.7883, 13.0192], [92.81, 13.1269], [92.8475, 13.1392], [92.8097, 13.1531], [92.8544, 13.2572], [92.8217, 13.3097], [92.8669, 13.3856], [92.8431, 13.4022], [92.8678, 13.4022], [92.8842, 13.4297], [92.8717, 13.4714], [92.9294, 13.5017], [92.9175, 13.5364], [92.9889, 13.5278], [92.9878, 13.5731], [93.0101, 13.542], [93.0294, 13.5733], [93.045, 13.5253], [93.0211, 13.4311], [93.0708, 13.4061], [93.0283, 13.3732], [93.0553, 13.3822], [93.0906, 13.3359], [93.0658, 13.3031]]], [[[93.0161, 13.285], [93.0152, 13.2833], [93.0143, 13.2844], [93.0161, 13.285]]], [[[93.0789, 13.3], [93.0731, 13.2978], [93.0711, 13.3005], [93.0789, 13.3]]], [[[93.0251, 13.3283], [93.0217, 13.303], [93.0094, 13.311], [93.0251, 13.3283]]], [[[92.9661, 13.3356], [92.9697, 13.3383], [92.9678, 13.3353], [92.9661, 13.3356]]], [[[93.0161, 13.3379], [93.0139, 13.3377], [93.0144, 13.3404], [93.0161, 13.3379]]], [[[93.0366, 13.3425], [93.038, 13.3439], [93.0386, 13.3425], [93.0366, 13.3425]]], [[[93.0781, 13.3631], [93.0739, 13.3658], [93.0762, 13.3668], [93.0781, 13.3631]]], [[[93.0835, 13.3688], [93.081, 13.3681], [93.0819, 13.37], [93.0835, 13.3688]]], [[[93.0616, 13.3853], [93.0633, 13.3869], [93.064, 13.3854], [93.0616, 13.3853]]], [[[93.0915, 13.4103], [93.0886, 13.4102], [93.0871, 13.4158], [93.0915, 13.4103]]], [[[93.0727, 13.4311], [93.0719, 13.4136], [93.069, 13.4133], [93.0727, 13.4311]]], [[[93.1031, 13.4347], [93.1042, 13.4299], [93.0989, 13.4306], [93.1031, 13.4347]]], [[[94.275, 13.4406], [94.2494, 13.4462], [94.2733, 13.4644], [94.275, 13.4406]]], [[[93.0068, 13.5594], [93.0056, 13.5569], [93.0062, 13.56], [93.0068, 13.5594]]], [[[93.0574, 13.5624], [93.0539, 13.5597], [93.0522, 13.5647], [93.0574, 13.5624]]], [[[93.0675, 13.6506], [93.047, 13.6208], [93.0425, 13.6369], [93.0675, 13.6506]]], [[[93.0278, 13.6269], [92.9767, 13.655], [93.0158, 13.6761], [93.0278, 13.6269]]], [[[93.0229, 13.6713], [93.0227, 13.6743], [93.0242, 13.6725], [93.0229, 13.6713]]], [[[93.2324, 13.9833], [93.2183, 13.9768], [93.2244, 14.0158], [93.2324, 13.9833]]], [[[93.3635, 14.0481], [93.3642, 14.0569], [93.3669, 14.0525], [93.3635, 14.0481]]], [[[93.3533, 14.1458], [93.3786, 14.1472], [93.3643, 14.0587], [93.3533, 14.1458]]], [[[93.3822, 14.1272], [93.3808, 14.1283], [93.3822, 14.1294], [93.3822, 14.1272]]], [[[93.3728, 14.1897], [93.3669, 14.1789], [93.3597, 14.1872], [93.3728, 14.1897]]], [[[93.3575, 14.1889], [93.3602, 14.1924], [93.3611, 14.1911], [93.3575, 14.1889]]], [[[93.5493, 14.7851], [93.5503, 14.7884], [93.5509, 14.7877], [93.5493, 14.7851]]], [[[93.569, 14.8486], [93.5696, 14.8495], [93.5719, 14.8481], [93.569, 14.8486]]], [[[93.5713, 14.8613], [93.5706, 14.8592], [93.5697, 14.8608], [93.5713, 14.8613]]], [[[93.6119, 14.8356], [93.6129, 14.8737], [93.6414, 14.9025], [93.6364, 14.8743], [93.6119, 14.8356]]], [[[93.5725, 14.8682], [93.568, 14.8711], [93.5694, 14.8722], [93.5725, 14.8682]]], [[[93.6519, 14.9327], [93.6508, 14.9297], [93.6461, 14.9353], [93.6519, 14.9327]]]]}}]}